seed,mode,theta,tolerance,sample,text,kf_err_to_perturbed,kf_err_to_clean,skate_ratio,jerk,ground_pen,div_from_ref
0,coherent,0,1.0,0,a person wlowly walked by making the circle,1.2125183523892247e-08,1.2125183523892247e-08,0.3230769230769231,1145.5986328125,0.0,0.14092087745666504
0,coherent,0,1.0,1,a person walks straight forward quickly,7.66987931499763e-11,7.66987931499763e-11,0.046153846153846156,183.18392944335938,0.0,0.015475570224225521
0,coherent,0,1.0,2,the person is holding his right arm up.,8.552062391586901e-10,8.552062391586901e-10,0.0,80.43815612792969,0.0,0.00961911678314209
0,coherent,0,1.0,3,standing in place then walking forward.,5.185773338522992e-11,5.185773338522992e-11,0.015384615384615385,169.5377655029297,0.0,0.020181281492114067
0,coherent,0,1.0,4,the person was jogging in place.,1.8209737884244959e-10,1.8209737884244959e-10,0.12307692307692308,413.4149475097656,5.438125754153589e-06,0.04612850397825241
0,coherent,0,1.0,5,user is pointing with left hand in multiple directions,3.097883616298702e-10,3.097883616298702e-10,0.0,118.16080474853516,0.0,0.013795803301036358
0,coherent,0,1.0,6,person brings left forearm up to their eyesight like they are checking the time on a watch.,6.533147911547132e-10,6.533147911547132e-10,0.0,128.03231811523438,0.0022360216826200485,0.01353680994361639
0,coherent,0,1.0,7,a man is doing jumping jacks.,4.1168690678716757e-10,4.1168690678716757e-10,0.11282051282051282,449.9596252441406,0.0,0.05013446882367134
0,coherent,0,1.0,8,the figure takes a few steps forward before pick something up turning around and walking back to where they were and crouching down to pick something up.,1.235166458002368e-08,1.235166458002368e-08,0.2564102564102564,605.8251953125,0.0,0.07046259939670563
0,coherent,0,1.0,9,"a person slowly walked backward, and sat on the knee and hands",2.654588326933549e-09,2.654588326933549e-09,0.14358974358974358,342.43426513671875,0.0018087768694385886,0.04463006183505058
0,coherent,0,1.0,10,a person walks straight going slightly to the left,3.8311223637954583e-10,3.8311223637954583e-10,0.1641025641025641,217.30990600585938,1.3502979527402204e-05,0.02336639165878296
0,coherent,0,1.0,11,he runs forward directly then stops,5.079941328700599e-11,5.079941328700599e-11,0.2717948717948718,1537.447265625,0.0,0.18674086034297943
0,coherent,0,1.0,12,person seems to be exercising by bending at the knees and walking forward,5.67260127759539e-10,5.67260127759539e-10,0.5641025641025641,887.6397705078125,7.219692633952945e-05,0.10105879604816437
0,coherent,0,1.0,13,the man dances his feet in circles in front of himself.,1.76519199257541e-09,1.76519199257541e-09,0.7538461538461538,1760.099609375,0.0002845539420377463,0.21998251974582672
0,coherent,0,1.0,14,a person brings their left arm up and bends their elbow so it is across their stomach.,5.497503008378146e-10,5.497503008378146e-10,0.0,128.08604431152344,2.7697969926521182e-05,0.012881739996373653
0,coherent,0,1.0,15,a man takes a big swing with his arm.,2.530861076266433e-09,2.530861076266433e-09,0.49743589743589745,837.7376708984375,0.00021834416838828474,0.08715059608221054
0,coherent,0,0.0,0,a person wlowly walked by making the circle,0.1488855481147766,0.1488855481147766,0.1641025641025641,244.82872009277344,0.0,0.15541188418865204
0,coherent,0,0.0,1,a person walks straight forward quickly,0.01872364804148674,0.01872364804148674,0.05128205128205128,114.47933197021484,0.0,0.017828980460762978
0,coherent,0,0.0,2,the person is holding his right arm up.,0.008340379223227501,0.008340379223227501,0.0,44.4223747253418,0.0,0.01145670935511589
0,coherent,0,0.0,3,standing in place then walking forward.,0.021278783679008484,0.021278783679008484,0.010256410256410256,92.95030212402344,0.0,0.02171516604721546
0,coherent,0,0.0,4,the person was jogging in place.,0.03972490131855011,0.03972490131855011,0.02564102564102564,187.70150756835938,3.188930350006558e-05,0.04647679999470711
0,coherent,0,0.0,5,user is pointing with left hand in multiple directions,0.0129419369623065,0.0129419369623065,0.0,59.60109329223633,0.0,0.015780501067638397
0,coherent,0,0.0,6,person brings left forearm up to their eyesight like they are checking the time on a watch.,0.014337548986077309,0.014337548986077309,0.0,46.78819274902344,0.0022482157219201326,0.014307180419564247
0,coherent,0,0.0,7,a man is doing jumping jacks.,0.053298499435186386,0.053298499435186386,0.010256410256410256,187.5130615234375,0.0,0.05757254734635353
0,coherent,0,0.0,8,the figure takes a few steps forward before pick something up turning around and walking back to where they were and crouching down to pick something up.,0.07215438038110733,0.07215438038110733,0.15897435897435896,213.95123291015625,0.0,0.07787667959928513
0,coherent,0,0.0,9,"a person slowly walked backward, and sat on the knee and hands",0.04469010978937149,0.04469010978937149,0.05641025641025641,97.55299377441406,0.0015712257008999586,0.05088011920452118
0,coherent,0,0.0,10,a person walks straight going slightly to the left,0.026211827993392944,0.026211827993392944,0.09230769230769231,86.11449432373047,0.0,0.029301144182682037
0,coherent,0,0.0,11,he runs forward directly then stops,0.20688389241695404,0.20688389241695404,0.1076923076923077,315.6806640625,0.0,0.2165263146162033
0,coherent,0,0.0,12,person seems to be exercising by bending at the knees and walking forward,0.10392600297927856,0.10392600297927856,0.4358974358974359,398.9416198730469,0.00011209100193809718,0.11984724551439285
0,coherent,0,0.0,13,the man dances his feet in circles in front of himself.,0.2678050398826599,0.2678050398826599,0.7076923076923077,579.2068481445312,0.00021596091391984373,0.2806137502193451
0,coherent,0,0.0,14,a person brings their left arm up and bends their elbow so it is across their stomach.,0.012839523144066334,0.012839523144066334,0.0,56.43135452270508,3.5172823118045926e-05,0.013954968191683292
0,coherent,0,0.0,15,a man takes a big swing with his arm.,0.07940945774316788,0.07940945774316788,0.37435897435897436,417.59454345703125,4.040811109007336e-05,0.08975823223590851
0,coherent,5,1.0,0,a person wlowly walked by making the circle,1.2840373209144218e-08,0.03623508661985397,0.3128205128205128,1152.8509521484375,0.00012086780043318868,0.14965812861919403
0,coherent,5,1.0,1,a person walks straight forward quickly,2.2688782796986828e-10,0.03423943370580673,0.041025641025641026,217.07437133789062,0.0,0.03703416511416435
0,coherent,5,1.0,2,the person is holding his right arm up.,1.0727837507218396e-09,0.050614722073078156,0.0,158.67271423339844,0.0,0.044192418456077576
0,coherent,5,1.0,3,standing in place then walking forward.,5.045596718211698e-10,0.051527176052331924,0.03076923076923077,215.33377075195312,8.404899563174695e-05,0.05026400834321976
0,coherent,5,1.0,4,the person was jogging in place.,2.3283064365386963e-10,0.03304549679160118,0.09230769230769231,410.58197021484375,0.0,0.056064214557409286
0,coherent,5,1.0,5,user is pointing with left hand in multiple directions,5.062676944334044e-10,0.048765137791633606,0.005128205128205128,222.1919708251953,0.0,0.05042676255106926
0,coherent,5,1.0,6,person brings left forearm up to their eyesight like they are checking the time on a watch.,6.971943578015782e-10,0.0370284803211689,0.0,242.5706024169922,0.00036334816832095385,0.04188598319888115
0,coherent,5,1.0,7,a man is doing jumping jacks.,3.0267982564780027e-10,0.03423144668340683,0.1076923076923077,473.4720153808594,0.0,0.06082868203520775
0,coherent,5,1.0,8,the figure takes a few steps forward before pick something up turning around and walking back to where they were and crouching down to pick something up.,1.2391880410689282e-08,0.04099815711379051,0.30256410256410254,649.0258178710938,0.000144080157042481,0.07975026965141296
0,coherent,5,1.0,9,"a person slowly walked backward, and sat on the knee and hands",2.6602819946930367e-09,0.03247202932834625,0.14871794871794872,387.76531982421875,0.0004882026696577668,0.05531434714794159
0,coherent,5,1.0,10,a person walks straight going slightly to the left,5.959241988762187e-10,0.04679069668054581,0.15897435897435896,326.6766357421875,0.0001433274446753785,0.05858245864510536
0,coherent,5,1.0,11,he runs forward directly then stops,3.0479646584424813e-10,0.047484301030635834,0.23076923076923078,1524.8277587890625,0.0,0.20153427124023438
0,coherent,5,1.0,12,person seems to be exercising by bending at the knees and walking forward,2.285973632609739e-10,0.037604209035634995,0.5692307692307692,897.373779296875,0.00033437710953876376,0.10694374144077301
0,coherent,5,1.0,13,the man dances his feet in circles in front of himself.,1.884580269617686e-09,0.044074855744838715,0.7692307692307693,2211.810546875,0.0004812678962480277,0.28755447268486023
0,coherent,5,1.0,14,a person brings their left arm up and bends their elbow so it is across their stomach.,9.093119035519237e-10,0.03702133521437645,0.0,170.2014617919922,0.0,0.03674644976854324
0,coherent,5,1.0,15,a man takes a big swing with his arm.,2.4366677564557904e-09,0.051696985960006714,0.4717948717948718,858.2000122070312,0.00019003382476512343,0.10076843947172165
0,coherent,5,0.0,0,a person wlowly walked by making the circle,0.14369098842144012,0.15664903819561005,0.11794871794871795,259.140380859375,0.00011500248365337029,0.16120904684066772
0,coherent,5,0.0,1,a person walks straight forward quickly,0.02606995962560177,0.0378175787627697,0.03076923076923077,137.2062530517578,0.0,0.03710392490029335
0,coherent,5,0.0,2,the person is holding his right arm up.,0.02249153144657612,0.04376765340566635,0.0,45.41913604736328,0.0,0.04438837990164757
0,coherent,5,0.0,3,standing in place then walking forward.,0.02722274139523506,0.04928014054894447,0.020512820512820513,109.96243286132812,0.0,0.048798818141222
0,coherent,5,0.0,4,the person was jogging in place.,0.04579862952232361,0.055146217346191406,0.0,190.39332580566406,0.0,0.05984491482377052
0,coherent,5,0.0,5,user is pointing with left hand in multiple directions,0.026248684152960777,0.048838987946510315,0.0,67.38080596923828,0.0,0.049683261662721634
0,coherent,5,0.0,6,person brings left forearm up to their eyesight like they are checking the time on a watch.,0.032063715159893036,0.04209885001182556,0.0,47.57286834716797,8.013973456399981e-06,0.04208223521709442
0,coherent,5,0.0,7,a man is doing jumping jacks.,0.05706697702407837,0.06539629399776459,0.02564102564102564,200.71412658691406,0.0,0.06838663667440414
0,coherent,5,0.0,8,the figure takes a few steps forward before pick something up turning around and walking back to where they were and crouching down to pick something up.,0.08323091268539429,0.08103202283382416,0.18974358974358974,197.57290649414062,0.00010924592788796872,0.08887022733688354
0,coherent,5,0.0,9,"a person slowly walked backward, and sat on the knee and hands",0.048122838139534,0.04968464747071266,0.0,109.0737533569336,0.00027815019711852074,0.05555349215865135
0,coherent,5,0.0,10,a person walks straight going slightly to the left,0.03392406925559044,0.057486776262521744,0.07692307692307693,130.08657836914062,0.00020949878671672195,0.05925926938652992
0,coherent,5,0.0,11,he runs forward directly then stops,0.19027774035930634,0.2080157846212387,0.1076923076923077,323.9669189453125,0.0,0.2140326350927353
0,coherent,5,0.0,12,person seems to be exercising by bending at the knees and walking forward,0.09019707888364792,0.09005755186080933,0.4666666666666667,400.2210388183594,0.00016217463416978717,0.10345658659934998
0,coherent,5,0.0,13,the man dances his feet in circles in front of himself.,0.2687091529369354,0.27420374751091003,0.7692307692307693,585.6693115234375,0.00018104794435203075,0.28492802381515503
0,coherent,5,0.0,14,a person brings their left arm up and bends their elbow so it is across their stomach.,0.02146189659833908,0.03594081848859787,0.0,58.30868148803711,0.0,0.03669862449169159
0,coherent,5,0.0,15,a man takes a big swing with his arm.,0.07977484911680222,0.093391053378582,0.3487179487179487,424.04791259765625,3.086695869569667e-05,0.10204103589057922
0,coherent,10,1.0,0,a person wlowly walked by making the circle,1.2851995023765994e-08,0.09405890107154846,0.4,1074.1279296875,0.0001825657527660951,0.16507995128631592
0,coherent,10,1.0,1,a person walks straight forward quickly,6.065234980923151e-10,0.09553402662277222,0.1794871794871795,395.842529296875,0.0006084382184781134,0.07376140356063843
0,coherent,10,1.0,2,the person is holding his right arm up.,1.0320383436734915e-09,0.10902971774339676,0.10256410256410256,344.016357421875,0.0013901973143219948,0.10584428161382675
0,coherent,10,1.0,3,standing in place then walking forward.,1.467043708736071e-09,0.10450342297554016,0.18974358974358974,491.2759704589844,0.0,0.12959766387939453
0,coherent,10,1.0,4,the person was jogging in place.,5.427165938876044e-10,0.0714912936091423,0.020512820512820513,479.3739929199219,0.0,0.0679590106010437
0,coherent,10,1.0,5,user is pointing with left hand in multiple directions,1.8728887329899635e-09,0.11878485232591629,0.19487179487179487,571.2789306640625,0.0035919942893087864,0.12641383707523346
0,coherent,10,1.0,6,person brings left forearm up to their eyesight like they are checking the time on a watch.,8.080241475916239e-10,0.054535578936338425,0.0,237.72486877441406,0.008508189581334591,0.045878730714321136
0,coherent,10,1.0,7,a man is doing jumping jacks.,9.348868346137351e-10,0.08100629597902298,0.07179487179487179,435.5096435546875,2.6634608730091713e-05,0.0922299474477768
0,coherent,10,1.0,8,the figure takes a few steps forward before pick something up turning around and walking back to where they were and crouching down to pick something up.,1.2316738740025812e-08,0.07967560738325119,0.24102564102564103,747.6444702148438,0.000333144620526582,0.10415536910295486
0,coherent,10,1.0,9,"a person slowly walked backward, and sat on the knee and hands",2.731557202650947e-09,0.07655738294124603,0.18974358974358974,523.8555908203125,0.02252929098904133,0.0942513719201088
0,coherent,10,1.0,10,a person walks straight going slightly to the left,5.224163324157871e-10,0.07790224999189377,0.2205128205128205,414.7877197265625,0.0008417519857175648,0.09672930836677551
0,coherent,10,1.0,11,he runs forward directly then stops,6.349926834348096e-11,0.08914215862751007,0.10256410256410256,1393.749267578125,0.0,0.1758025884628296
0,coherent,10,1.0,12,person seems to be exercising by bending at the knees and walking forward,4.3179501640899787e-10,0.08193178474903107,0.5794871794871795,1213.9481201171875,0.0010454467264935374,0.16911950707435608
0,coherent,10,1.0,13,the man dances his feet in circles in front of himself.,1.60786728375939e-09,0.09460815042257309,0.6051282051282051,2416.1494140625,0.001546393963508308,0.3436467945575714
0,coherent,10,1.0,14,a person brings their left arm up and bends their elbow so it is across their stomach.,7.163602488979848e-10,0.10540098696947098,0.0,466.45489501953125,0.0,0.11266697198152542
0,coherent,10,1.0,15,a man takes a big swing with his arm.,4.011196264031014e-09,0.1105731725692749,0.2153846153846154,966.4683227539062,0.0,0.14073477685451508
0,coherent,10,0.0,0,a person wlowly walked by making the circle,0.13338595628738403,0.17761121690273285,0.24615384615384617,239.2724151611328,0.00023334119759965688,0.17260190844535828
0,coherent,10,0.0,1,a person walks straight forward quickly,0.05508193373680115,0.07486048340797424,0.1076923076923077,145.26422119140625,0.00043388421181589365,0.0724761039018631
0,coherent,10,0.0,2,the person is holding his right arm up.,0.04686780273914337,0.10529302805662155,0.0,65.58052062988281,0.0008587909978814423,0.10569527745246887
0,coherent,10,0.0,3,standing in place then walking forward.,0.05726397782564163,0.12784142792224884,0.02564102564102564,144.3445281982422,0.0,0.13146494328975677
0,coherent,10,0.0,4,the person was jogging in place.,0.060571134090423584,0.06719205528497696,0.0,213.99411010742188,0.0,0.07003579288721085
0,coherent,10,0.0,5,user is pointing with left hand in multiple directions,0.08000359684228897,0.12700873613357544,0.0,73.1043701171875,0.002825300209224224,0.12759003043174744
0,coherent,10,0.0,6,person brings left forearm up to their eyesight like they are checking the time on a watch.,0.03131056949496269,0.04471515491604805,0.0,59.80335235595703,0.00659602414816618,0.044489677995443344
0,coherent,10,0.0,7,a man is doing jumping jacks.,0.0423833429813385,0.08855503052473068,0.010256410256410256,210.709228515625,0.0,0.09149883687496185
0,coherent,10,0.0,8,the figure takes a few steps forward before pick something up turning around and walking back to where they were and crouching down to pick something up.,0.0950719490647316,0.10601221770048141,0.14871794871794872,213.2990264892578,0.00010031030251411721,0.11141941696405411
0,coherent,10,0.0,9,"a person slowly walked backward, and sat on the knee and hands",0.06781500577926636,0.0926879420876503,0.035897435897435895,106.03509521484375,0.018321655690670013,0.09517605602741241
0,coherent,10,0.0,10,a person walks straight going slightly to the left,0.04870247468352318,0.09346115589141846,0.05641025641025641,100.43875885009766,4.80106301381511e-08,0.09556182473897934
0,coherent,10,0.0,11,he runs forward directly then stops,0.18775689601898193,0.1872677356004715,0.10256410256410256,308.2756652832031,0.0,0.19163933396339417
0,coherent,10,0.0,12,person seems to be exercising by bending at the knees and walking forward,0.14006395637989044,0.15953685343265533,0.4512820512820513,403.8696594238281,0.0004772524116560817,0.17387214303016663
0,coherent,10,0.0,13,the man dances his feet in circles in front of himself.,0.3296278417110443,0.37257400155067444,0.6307692307692307,589.4016723632812,0.001798371784389019,0.3816547989845276
0,coherent,10,0.0,14,a person brings their left arm up and bends their elbow so it is across their stomach.,0.06738574057817459,0.11294917017221451,0.0,65.83573150634766,0.0,0.11524025350809097
0,coherent,10,0.0,15,a man takes a big swing with his arm.,0.1062135323882103,0.13997162878513336,0.27692307692307694,422.5987243652344,0.0,0.15216675400733948
0,coherent,20,1.0,0,a person wlowly walked by making the circle,1.508958291651652e-08,0.16938374936580658,0.1282051282051282,1233.4140625,6.663128442596644e-05,0.18513771891593933
0,coherent,20,1.0,1,a person walks straight forward quickly,1.2148243522247526e-09,0.173997700214386,0.11282051282051282,651.9979248046875,0.0001485735847381875,0.18854303658008575
0,coherent,20,1.0,2,the person is holding his right arm up.,1.683254757800512e-09,0.22160691022872925,0.19487179487179487,1020.8701171875,0.0,0.16951070725917816
0,coherent,20,1.0,3,standing in place then walking forward.,5.213580123175632e-10,0.17979583144187927,0.0,1363.1502685546875,0.0,0.21661289036273956
0,coherent,20,1.0,4,the person was jogging in place.,1.9579073917697087e-09,0.15252356231212616,0.005128205128205128,655.392333984375,0.0,0.16156749427318573
0,coherent,20,1.0,5,user is pointing with left hand in multiple directions,1.608635669114733e-09,0.1734788566827774,0.11282051282051282,529.1949462890625,0.0,0.13948562741279602
0,coherent,20,1.0,6,person brings left forearm up to their eyesight like they are checking the time on a watch.,1.2375618307913783e-09,0.17487089335918427,0.0,1269.135009765625,0.0,0.2423563152551651
0,coherent,20,1.0,7,a man is doing jumping jacks.,2.5224513588995023e-09,0.19129152595996857,0.1076923076923077,951.2180786132812,0.0,0.15524379909038544
0,coherent,20,1.0,8,the figure takes a few steps forward before pick something up turning around and walking back to where they were and crouching down to pick something up.,1.294009255303763e-08,0.13365469872951508,0.14871794871794872,638.078125,9.310034511145204e-05,0.13119223713874817
0,coherent,20,1.0,9,"a person slowly walked backward, and sat on the knee and hands",3.408238358204585e-09,0.15910594165325165,0.2,702.6102905273438,0.023884115740656853,0.17173133790493011
0,coherent,20,1.0,10,a person walks straight going slightly to the left,5.603304487067362e-10,0.1443060040473938,0.2,802.0376586914062,0.0004946346743963659,0.13667717576026917
0,coherent,20,1.0,11,he runs forward directly then stops,1.7885544156825972e-09,0.22268705070018768,0.08205128205128205,2088.116455078125,0.0,0.305420458316803
0,coherent,20,1.0,12,person seems to be exercising by bending at the knees and walking forward,1.7904892013476115e-09,0.16896472871303558,0.3333333333333333,1176.2120361328125,0.00017362114158459008,0.1907135248184204
0,coherent,20,1.0,13,the man dances his feet in circles in front of himself.,3.2518878700926734e-09,0.17748473584651947,0.6512820512820513,1883.307373046875,0.0012438397388905287,0.30732104182243347
0,coherent,20,1.0,14,a person brings their left arm up and bends their elbow so it is across their stomach.,2.0161787794847896e-09,0.19739805161952972,0.0,403.53814697265625,0.0,0.15670113265514374
0,coherent,20,1.0,15,a man takes a big swing with his arm.,3.076258803247356e-09,0.13004659116268158,0.5333333333333333,1118.591796875,0.0021236243192106485,0.17190636694431305
0,coherent,20,0.0,0,a person wlowly walked by making the circle,0.16748930513858795,0.1970757246017456,0.09743589743589744,311.4374084472656,0.0,0.19426360726356506
0,coherent,20,0.0,1,a person walks straight forward quickly,0.09182871133089066,0.18909622728824615,0.035897435897435895,160.10389709472656,0.00011941828415729105,0.18817138671875
0,coherent,20,0.0,2,the person is holding his right arm up.,0.1493644416332245,0.16752424836158752,0.0,105.89295959472656,0.0,0.1646251529455185
0,coherent,20,0.0,3,standing in place then walking forward.,0.19938667118549347,0.2279866635799408,0.0,173.13479614257812,0.0,0.225079745054245
0,coherent,20,0.0,4,the person was jogging in place.,0.0825466439127922,0.1696625053882599,0.005128205128205128,262.54632568359375,0.0,0.1672583818435669
0,coherent,20,0.0,5,user is pointing with left hand in multiple directions,0.07148952037096024,0.13554422557353973,0.0,106.6659927368164,0.0,0.13452760875225067
0,coherent,20,0.0,6,person brings left forearm up to their eyesight like they are checking the time on a watch.,0.17687639594078064,0.24337147176265717,0.0,122.1588134765625,0.0,0.24823026359081268
0,coherent,20,0.0,7,a man is doing jumping jacks.,0.11894062161445618,0.17002855241298676,0.041025641025641026,281.5702209472656,0.0,0.16133713722229004
0,coherent,20,0.0,8,the figure takes a few steps forward before pick something up turning around and walking back to where they were and crouching down to pick something up.,0.07297811657190323,0.13061800599098206,0.07179487179487179,250.84768676757812,6.166845560073853e-05,0.1280173361301422
0,coherent,20,0.0,9,"a person slowly walked backward, and sat on the knee and hands",0.09017419815063477,0.1691070944070816,0.05128205128205128,132.00535583496094,0.02026236802339554,0.16979120671749115
0,coherent,20,0.0,10,a person walks straight going slightly to the left,0.10229554027318954,0.13832315802574158,0.06153846153846154,209.05694580078125,0.00037684207200072706,0.1357753872871399
0,coherent,20,0.0,11,he runs forward directly then stops,0.2685266435146332,0.3185855448246002,0.1076923076923077,416.244384765625,0.0,0.31034815311431885
0,coherent,20,0.0,12,person seems to be exercising by bending at the knees and walking forward,0.13988986611366272,0.1907278299331665,0.26666666666666666,464.18511962890625,8.774170419201255e-05,0.1919475495815277
0,coherent,20,0.0,13,the man dances his feet in circles in front of himself.,0.2596045732498169,0.33119314908981323,0.6307692307692307,647.5067138671875,0.001345854951068759,0.3346458673477173
0,coherent,20,0.0,14,a person brings their left arm up and bends their elbow so it is across their stomach.,0.05044380947947502,0.15991675853729248,0.0,130.7328338623047,0.0,0.15281105041503906
0,coherent,20,0.0,15,a man takes a big swing with his arm.,0.12971194088459015,0.1744258850812912,0.4666666666666667,408.7295837402344,0.001385855721309781,0.1753808557987213
0,coherent,30,1.0,0,a person wlowly walked by making the circle,1.3373987250986374e-08,0.2337828129529953,0.30256410256410254,1553.652587890625,0.0022800699807703495,0.26643386483192444
0,coherent,30,1.0,1,a person walks straight forward quickly,2.493527162528153e-09,0.2846532166004181,0.10256410256410256,1366.7359619140625,0.0,0.2744539678096771
0,coherent,30,1.0,2,the person is holding his right arm up.,1.9948176444017918e-09,0.26992154121398926,0.0,1693.123779296875,0.0,0.2930904030799866
0,coherent,30,1.0,3,standing in place then walking forward.,1.527157400538215e-09,0.1787203997373581,0.1641025641025641,1217.63916015625,0.0,0.26916879415512085
0,coherent,30,1.0,4,the person was jogging in place.,1.7722464606961807e-09,0.19396115839481354,0.0,1280.380126953125,0.0,0.15724840760231018
0,coherent,30,1.0,5,user is pointing with left hand in multiple directions,2.474085158965522e-09,0.25187596678733826,0.0,716.7627563476562,0.0,0.2201000154018402
0,coherent,30,1.0,6,person brings left forearm up to their eyesight like they are checking the time on a watch.,2.0825206004104757e-09,0.22057248651981354,0.2,999.9885864257812,0.017844026908278465,0.19097043573856354
0,coherent,30,1.0,7,a man is doing jumping jacks.,1.5308573297900807e-09,0.21500101685523987,0.015384615384615385,759.4800415039062,0.0,0.21602505445480347
0,coherent,30,1.0,8,the figure takes a few steps forward before pick something up turning around and walking back to where they were and crouching down to pick something up.,1.4506612799891627e-08,0.2403496950864792,0.1282051282051282,1957.9906005859375,0.0,0.30955377221107483
0,coherent,30,1.0,9,"a person slowly walked backward, and sat on the knee and hands",4.142174603316562e-09,0.20174987614154816,0.2358974358974359,1269.8955078125,0.03955079987645149,0.22109586000442505
0,coherent,30,1.0,10,a person walks straight going slightly to the left,7.408247904017173e-10,0.2198091447353363,0.0,753.6143798828125,0.0,0.2287219911813736
0,coherent,30,1.0,11,he runs forward directly then stops,4.3155912177184064e-10,0.2015109807252884,0.3128205128205128,1959.206787109375,0.001963565591722727,0.2904782295227051
0,coherent,30,1.0,12,person seems to be exercising by bending at the knees and walking forward,1.6039902739350964e-09,0.17719535529613495,0.358974358974359,1404.1683349609375,0.0007492299191653728,0.20693829655647278
0,coherent,30,1.0,13,the man dances his feet in circles in front of himself.,3.3455085368672144e-09,0.2431514859199524,0.24102564102564103,3762.302490234375,0.00024945178302004933,0.5234154462814331
0,coherent,30,1.0,14,a person brings their left arm up and bends their elbow so it is across their stomach.,2.9849089866473832e-09,0.2701542377471924,0.0,827.9268188476562,0.0,0.22186017036437988
0,coherent,30,1.0,15,a man takes a big swing with his arm.,3.684719418473037e-09,0.20505031943321228,0.48205128205128206,1793.617431640625,0.0008123102597892284,0.228641539812088
0,coherent,30,0.0,0,a person wlowly walked by making the circle,0.19673669338226318,0.2744196951389313,0.2564102564102564,480.5166015625,0.0016156628262251616,0.27181923389434814
0,coherent,30,0.0,1,a person walks straight forward quickly,0.19964386522769928,0.2761748433113098,0.12307692307692308,209.68984985351562,0.0,0.27478376030921936
0,coherent,30,0.0,2,the person is holding his right arm up.,0.2436182200908661,0.2902495265007019,0.0,134.5753173828125,0.0,0.29188287258148193
0,coherent,30,0.0,3,standing in place then walking forward.,0.16538897156715393,0.2703813314437866,0.03076923076923077,202.85679626464844,0.0,0.27897408604621887
0,coherent,30,0.0,4,the person was jogging in place.,0.17547059059143066,0.15886282920837402,0.0,337.2777099609375,0.0,0.14990313351154327
0,coherent,30,0.0,5,user is pointing with left hand in multiple directions,0.10356497019529343,0.2186574786901474,0.0,195.5863494873047,0.0,0.217099130153656
0,coherent,30,0.0,6,person brings left forearm up to their eyesight like they are checking the time on a watch.,0.14904232323169708,0.18538539111614227,0.0,217.23141479492188,0.018135322257876396,0.1873844712972641
0,coherent,30,0.0,7,a man is doing jumping jacks.,0.08814378082752228,0.2029362916946411,0.0,339.5020751953125,0.0,0.19782713055610657
0,coherent,30,0.0,8,the figure takes a few steps forward before pick something up turning around and walking back to where they were and crouching down to pick something up.,0.252072274684906,0.29930979013442993,0.1282051282051282,418.60968017578125,0.0,0.3058945834636688
0,coherent,30,0.0,9,"a person slowly walked backward, and sat on the knee and hands",0.16746503114700317,0.22244708240032196,0.06666666666666667,229.2150421142578,0.0347011424601078,0.22131067514419556
0,coherent,30,0.0,10,a person walks straight going slightly to the left,0.09272902458906174,0.2356986701488495,0.0,221.9525146484375,0.0,0.23450088500976562
0,coherent,30,0.0,11,he runs forward directly then stops,0.253946453332901,0.3077406585216522,0.2512820512820513,505.8854675292969,0.002085319021716714,0.30689457058906555
0,coherent,30,0.0,12,person seems to be exercising by bending at the knees and walking forward,0.15414462983608246,0.1704612374305725,0.37948717948717947,554.6519775390625,0.0006152821006253362,0.1885530948638916
0,coherent,30,0.0,13,the man dances his feet in circles in front of himself.,0.5651988387107849,0.6089937090873718,0.27692307692307694,990.8108520507812,0.0005012911278754473,0.621452271938324
0,coherent,30,0.0,14,a person brings their left arm up and bends their elbow so it is across their stomach.,0.12176932394504547,0.22203432023525238,0.0,145.77761840820312,0.0,0.21715906262397766
0,coherent,30,0.0,15,a man takes a big swing with his arm.,0.2279081493616104,0.24967284500598907,0.38974358974358975,614.1655883789062,0.0001628399477340281,0.23691895604133606
