theta,tolerance,sample,text,kf_err_to_perturbed,kf_err_to_clean,skate_ratio,jerk,ground_pen,div_from_ref
0,1.0,0,a man walks forward with arms relatively stiff at sides.,2.471179649798927e-10,2.471179649798927e-10,0.1076923076923077,259.924072265625,0.0,0.025609828531742096
0,1.0,1,"a person is boxing, jabbing mostly with his left hand.",8.318403743601266e-10,8.318403743601266e-10,0.09230769230769231,368.0419921875,0.0,0.036108095198869705
0,1.0,2,a person slowly walked forward and right direction,2.1589750820449893e-10,2.1589750820449893e-10,0.3435897435897436,1431.233154296875,0.0,0.17894037067890167
0,1.0,3,a person takes a big step backwards.,9.736553924222235e-11,9.736553924222235e-11,0.3435897435897436,623.2855834960938,0.0,0.08048314601182938
0,1.0,4,"from a standing position person leans their head down to their right slowly, in front of their chest then back up kind of like a snake.",5.139974001977521e-10,5.139974001977521e-10,0.0,116.989501953125,0.0,0.014123979955911636
0,1.0,5,person picks up something on their left side and moves it to their right side,5.21950871412713e-10,5.21950871412713e-10,0.0,79.73297882080078,0.0,0.007553542964160442
0,1.0,6,a person gets down and crawls around the floor.a,3.4399958437347777e-09,3.4399958437347777e-09,0.15384615384615385,1017.800048828125,0.0010999360820278525,0.1280205249786377
0,1.0,7,a man movea his right hand as if to wipe down a tabletop.,6.528803608851774e-10,6.528803608851774e-10,0.0,117.00267791748047,0.0,0.016134560108184814
0,1.0,8,the person is making an arm gesture putting his arms up into the air,6.869070867665528e-10,6.869070867665528e-10,0.0,144.27297973632812,0.0,0.014734022319316864
0,1.0,9,a person walks a path that bends left.,2.116642278116032e-10,2.116642278116032e-10,0.24102564102564103,678.7305297851562,1.551944478705991e-06,0.08204231411218643
0,1.0,10,a person is doing jumping jacks.,6.935002572205917e-10,6.935002572205917e-10,0.11282051282051282,653.777099609375,0.0001590114552527666,0.0777914971113205
0,1.0,11,a person walks forward and stops.,6.244094824525703e-11,6.244094824525703e-11,0.18974358974358974,297.2157287597656,0.0,0.03153557702898979
0,1.0,12,jumping forward quickly then stopping.,8.120686900703333e-10,8.120686900703333e-10,0.2153846153846154,782.0697631835938,0.0011794681195169687,0.10440816730260849
0,1.0,13,a person taking a huge diagonal step,9.630721914399842e-11,9.630721914399842e-11,0.29743589743589743,747.5586547851562,0.0,0.09534899890422821
0,1.0,14,"a man lifts his hands up in front his face and turns to his right, and then his left, and puts his hands back down.",4.723982871546184e-10,4.723982871546184e-10,0.0,105.35027313232422,0.0,0.01274452731013298
0,1.0,15,a person is putting both hands to his face.,4.752435112109765e-10,4.752435112109765e-10,0.0,132.5947265625,8.573489367336151e-07,0.01598072610795498
0,0.5,0,a man walks forward with arms relatively stiff at sides.,0.01321103423833847,0.01321103423833847,0.1076923076923077,191.32203674316406,0.0,0.027072308585047722
0,0.5,1,"a person is boxing, jabbing mostly with his left hand.",0.01794971153140068,0.01794971153140068,0.020512820512820513,296.4837951660156,0.0,0.04243037477135658
0,0.5,2,a person slowly walked forward and right direction,0.09484588354825974,0.09484588354825974,0.3128205128205128,826.0361938476562,0.0,0.1902039647102356
0,0.5,3,a person takes a big step backwards.,0.043700847774744034,0.043700847774744034,0.28205128205128205,354.8084411621094,0.0,0.08983901143074036
0,0.5,4,"from a standing position person leans their head down to their right slowly, in front of their chest then back up kind of like a snake.",0.0065364413894712925,0.0065364413894712925,0.0,77.6082534790039,0.0,0.014403394423425198
0,0.5,5,person picks up something on their left side and moves it to their right side,0.003944940399378538,0.003944940399378538,0.0,59.40984344482422,0.0,0.008816278539597988
0,0.5,6,a person gets down and crawls around the floor.a,0.0651489645242691,0.0651489645242691,0.1076923076923077,581.5316162109375,0.0009626847459003329,0.129135400056839
0,0.5,7,a man movea his right hand as if to wipe down a tabletop.,0.006622942630201578,0.006622942630201578,0.0,79.42327880859375,0.0,0.016818394884467125
0,0.5,8,the person is making an arm gesture putting his arms up into the air,0.00592490378767252,0.00592490378767252,0.0,104.79835510253906,2.6973002604790963e-06,0.014081010594964027
0,0.5,9,a person walks a path that bends left.,0.041103754192590714,0.041103754192590714,0.2,408.89703369140625,0.0,0.08512650430202484
0,0.5,10,a person is doing jumping jacks.,0.03621642291545868,0.03621642291545868,0.05641025641025641,410.06915283203125,0.00015405174053739756,0.07546461373567581
0,0.5,11,a person walks forward and stops.,0.01764831133186817,0.01764831133186817,0.1641025641025641,222.23052978515625,0.0,0.035177405923604965
0,0.5,12,jumping forward quickly then stopping.,0.05024658143520355,0.05024658143520355,0.14358974358974358,506.33465576171875,0.001197375007905066,0.11492150276899338
0,0.5,13,a person taking a huge diagonal step,0.047565918415784836,0.047565918415784836,0.21025641025641026,410.7313232421875,0.0,0.09658706188201904
0,0.5,14,"a man lifts his hands up in front his face and turns to his right, and then his left, and puts his hands back down.",0.005593711510300636,0.005593711510300636,0.0,71.9487075805664,0.0,0.01285743061453104
0,0.5,15,a person is putting both hands to his face.,0.008015075698494911,0.008015075698494911,0.0,72.28184509277344,0.0,0.015103410929441452
0,0.2,0,a man walks forward with arms relatively stiff at sides.,0.020485637709498405,0.020485637709498405,0.06666666666666667,142.6992950439453,0.0,0.028168905526399612
0,0.2,1,"a person is boxing, jabbing mostly with his left hand.",0.02642597258090973,0.02642597258090973,0.015384615384615385,240.58164978027344,0.0,0.03887203708291054
0,0.2,2,a person slowly walked forward and right direction,0.15081900358200073,0.15081900358200073,0.26153846153846155,483.974609375,2.60998405110513e-07,0.19556261599063873
0,0.2,3,a person takes a big step backwards.,0.0728762224316597,0.0728762224316597,0.30256410256410254,216.158447265625,0.0,0.09585218876600266
0,0.2,4,"from a standing position person leans their head down to their right slowly, in front of their chest then back up kind of like a snake.",0.010890369303524494,0.010890369303524494,0.0,54.70755386352539,0.0,0.015455088578164577
0,0.2,5,person picks up something on their left side and moves it to their right side,0.0061857071705162525,0.0061857071705162525,0.0,47.936065673828125,0.0,0.008512935601174831
0,0.2,6,a person gets down and crawls around the floor.a,0.10047949105501175,0.10047949105501175,0.06153846153846154,332.4776611328125,0.0007456053863279521,0.12941569089889526
0,0.2,7,a man movea his right hand as if to wipe down a tabletop.,0.010458825156092644,0.010458825156092644,0.0,60.62989044189453,0.0,0.017121870070695877
0,0.2,8,the person is making an arm gesture putting his arms up into the air,0.009890154004096985,0.009890154004096985,0.0,90.63762664794922,1.983945139727439e-06,0.01472662016749382
0,0.2,9,a person walks a path that bends left.,0.06641089171171188,0.06641089171171188,0.18974358974358974,254.72361755371094,0.0,0.08820544928312302
0,0.2,10,a person is doing jumping jacks.,0.05192796140909195,0.05192796140909195,0.06153846153846154,297.8770446777344,0.00011713747517205775,0.07070398330688477
0,0.2,11,a person walks forward and stops.,0.02623550407588482,0.02623550407588482,0.14871794871794872,163.2105712890625,0.0,0.03404988721013069
0,0.2,12,jumping forward quickly then stopping.,0.06950127333402634,0.06950127333402634,0.08205128205128205,313.3779296875,0.0009240468498319387,0.10525345802307129
0,0.2,13,a person taking a huge diagonal step,0.07453102618455887,0.07453102618455887,0.13846153846153847,229.4235382080078,0.0,0.09770844131708145
0,0.2,14,"a man lifts his hands up in front his face and turns to his right, and then his left, and puts his hands back down.",0.010107263922691345,0.010107263922691345,0.0,58.2500114440918,0.0,0.014342858456075191
0,0.2,15,a person is putting both hands to his face.,0.0141100799664855,0.0141100799664855,0.0,51.30535125732422,0.0,0.01707223430275917
0,0.05,0,a man walks forward with arms relatively stiff at sides.,0.025691770017147064,0.025691770017147064,0.08205128205128205,126.26274871826172,0.0,0.029413094744086266
0,0.05,1,"a person is boxing, jabbing mostly with his left hand.",0.03248819336295128,0.03248819336295128,0.020512820512820513,222.78903198242188,0.0,0.042205918580293655
0,0.05,2,a person slowly walked forward and right direction,0.18701978027820587,0.18701978027820587,0.2205128205128205,292.41015625,8.287687705887947e-06,0.20667290687561035
0,0.05,3,a person takes a big step backwards.,0.0859532579779625,0.0859532579779625,0.2512820512820513,127.20164489746094,0.0,0.09528692811727524
0,0.05,4,"from a standing position person leans their head down to their right slowly, in front of their chest then back up kind of like a snake.",0.011823839507997036,0.011823839507997036,0.0,48.65906524658203,0.0,0.014477618038654327
0,0.05,5,person picks up something on their left side and moves it to their right side,0.006999321281909943,0.006999321281909943,0.0,45.47306823730469,0.0,0.007825694046914577
0,0.05,6,a person gets down and crawls around the floor.a,0.12472476810216904,0.12472476810216904,0.05128205128205128,256.8770446777344,0.0007783893961459398,0.13817937672138214
0,0.05,7,a man movea his right hand as if to wipe down a tabletop.,0.012756507843732834,0.012756507843732834,0.0,60.98759841918945,0.0,0.017658082768321037
0,0.05,8,the person is making an arm gesture putting his arms up into the air,0.012222572229802608,0.012222572229802608,0.0,88.4603500366211,4.0114723560691345e-06,0.01553501095622778
0,0.05,9,a person walks a path that bends left.,0.07893752306699753,0.07893752306699753,0.11794871794871795,200.27923583984375,0.0,0.08963008224964142
0,0.05,10,a person is doing jumping jacks.,0.06574544310569763,0.06574544310569763,0.015384615384615385,257.88916015625,0.00012421036080922931,0.0763033777475357
0,0.05,11,a person walks forward and stops.,0.030526038259267807,0.030526038259267807,0.14871794871794872,154.03512573242188,0.0,0.03369508683681488
0,0.05,12,jumping forward quickly then stopping.,0.09345624595880508,0.09345624595880508,0.09230769230769231,284.7357177734375,0.0013666078448295593,0.11570603400468826
0,0.05,13,a person taking a huge diagonal step,0.09151384979486465,0.09151384979486465,0.1076923076923077,157.98886108398438,0.0,0.10132022947072983
0,0.05,14,"a man lifts his hands up in front his face and turns to his right, and then his left, and puts his hands back down.",0.012247789651155472,0.012247789651155472,0.0,46.600364685058594,0.0,0.01495277788490057
0,0.05,15,a person is putting both hands to his face.,0.016081470996141434,0.016081470996141434,0.0,49.50438690185547,0.0,0.01672346517443657
0,0.0,0,a man walks forward with arms relatively stiff at sides.,0.027842916548252106,0.027842916548252106,0.08205128205128205,123.6834945678711,0.0,0.03018828295171261
0,0.0,1,"a person is boxing, jabbing mostly with his left hand.",0.031083393841981888,0.031083393841981888,0.015384615384615385,224.65789794921875,0.0,0.03841625154018402
0,0.0,2,a person slowly walked forward and right direction,0.1881779134273529,0.1881779134273529,0.1794871794871795,243.2812042236328,1.0223451454294263e-06,0.19879929721355438
0,0.0,3,a person takes a big step backwards.,0.08166079223155975,0.08166079223155975,0.2153846153846154,139.0059814453125,0.0,0.08834828436374664
0,0.0,4,"from a standing position person leans their head down to their right slowly, in front of their chest then back up kind of like a snake.",0.012722877785563469,0.012722877785563469,0.0,48.044151306152344,0.0,0.01460981834679842
0,0.0,5,person picks up something on their left side and moves it to their right side,0.007893595844507217,0.007893595844507217,0.0,42.519710540771484,0.0,0.009105585515499115
0,0.0,6,a person gets down and crawls around the floor.a,0.13435596227645874,0.13435596227645874,0.05641025641025641,230.7655792236328,0.0007131843012757599,0.14028532803058624
0,0.0,7,a man movea his right hand as if to wipe down a tabletop.,0.01247457042336464,0.01247457042336464,0.0,59.15646743774414,0.0,0.016828572377562523
0,0.0,8,the person is making an arm gesture putting his arms up into the air,0.01294459868222475,0.01294459868222475,0.0,84.95939636230469,2.60998405110513e-07,0.015738874673843384
0,0.0,9,a person walks a path that bends left.,0.08064430952072144,0.08064430952072144,0.11794871794871795,189.9154510498047,0.0,0.08721726387739182
0,0.0,10,a person is doing jumping jacks.,0.0738721564412117,0.0738721564412117,0.05128205128205128,254.9480438232422,0.00020843293168582022,0.08181263506412506
0,0.0,11,a person walks forward and stops.,0.030020255595445633,0.030020255595445633,0.13846153846153847,133.73727416992188,0.0,0.031891465187072754
0,0.0,12,jumping forward quickly then stopping.,0.08879850804805756,0.08879850804805756,0.09743589743589744,263.3011779785156,0.0008316102321259677,0.10944448411464691
0,0.0,13,a person taking a huge diagonal step,0.09887951612472534,0.09887951612472534,0.11282051282051282,149.48275756835938,0.0,0.10507897287607193
0,0.0,14,"a man lifts his hands up in front his face and turns to his right, and then his left, and puts his hands back down.",0.012461012229323387,0.012461012229323387,0.0,52.03638458251953,0.0,0.014281576499342918
0,0.0,15,a person is putting both hands to his face.,0.016253802925348282,0.016253802925348282,0.0,49.27988815307617,0.0,0.016299011185765266
5,1.0,0,a man walks forward with arms relatively stiff at sides.,3.658479630352929e-10,0.04487744718790054,0.1794871794871795,380.5482177734375,2.5684926185931545e-06,0.04782363772392273
5,1.0,1,"a person is boxing, jabbing mostly with his left hand.",9.529459443768928e-10,0.04100681468844414,0.18974358974358974,420.1779479980469,4.455983071238734e-05,0.050916943699121475
5,1.0,2,a person slowly walked forward and right direction,2.0319765314802396e-10,0.044561129063367844,0.3230769230769231,1527.301025390625,0.00014406326226890087,0.1949523240327835
5,1.0,3,a person takes a big step backwards.,1.7991458323152187e-10,0.03936069831252098,0.3384615384615385,606.017333984375,2.3238779249368235e-05,0.0856095403432846
5,1.0,4,"from a standing position person leans their head down to their right slowly, in front of their chest then back up kind of like a snake.",6.796528340125008e-10,0.037947673350572586,0.13333333333333333,235.84832763671875,0.0002664468192961067,0.03324427455663681
5,1.0,5,person picks up something on their left side and moves it to their right side,7.415996150506032e-10,0.042752038687467575,0.17435897435897435,256.4725646972656,0.00032244037720374763,0.036983974277973175
5,1.0,6,a person gets down and crawls around the floor.a,4.715704271518462e-09,0.03961688280105591,0.11794871794871795,1020.350341796875,0.0014776248717680573,0.13174958527088165
5,1.0,7,a man movea his right hand as if to wipe down a tabletop.,7.407264801528868e-10,0.04018108546733856,0.09743589743589744,247.1028289794922,0.0003804389853030443,0.038398388773202896
5,1.0,8,the person is making an arm gesture putting his arms up into the air,9.241446496943695e-10,0.04353664070367813,0.1282051282051282,266.08892822265625,0.00030008290195837617,0.038217443972826004
5,1.0,9,a person walks a path that bends left.,2.1677890038596104e-10,0.042380671948194504,0.26666666666666666,734.9125366210938,0.00015498901484534144,0.09763441979885101
5,1.0,10,a person is doing jumping jacks.,1.177317465739236e-09,0.03969572111964226,0.13333333333333333,623.1148071289062,8.796741167316213e-05,0.08242449909448624
5,1.0,11,a person walks forward and stops.,2.010810129515761e-10,0.04348001629114151,0.2564102564102564,343.255859375,0.00041264441097155213,0.041935037821531296
5,1.0,12,jumping forward quickly then stopping.,9.360026087534834e-10,0.045085608959198,0.2717948717948718,815.8610229492188,0.0011764095397666097,0.11046995222568512
5,1.0,13,a person taking a huge diagonal step,3.305396789610171e-10,0.045589521527290344,0.3076923076923077,798.6495361328125,2.7930098440265283e-05,0.10654927790164948
5,1.0,14,"a man lifts his hands up in front his face and turns to his right, and then his left, and puts his hands back down.",4.445547818754392e-10,0.04217793792486191,0.14358974358974358,232.0374298095703,0.0005191541858948767,0.03520655632019043
5,1.0,15,a person is putting both hands to his face.,7.268863844167583e-10,0.03772507980465889,0.14358974358974358,254.45419311523438,0.0004587463045027107,0.030976179987192154
5,0.5,0,a man walks forward with arms relatively stiff at sides.,0.02127116359770298,0.04415510967373848,0.1076923076923077,227.55784606933594,0.0,0.0470983162522316
5,0.5,1,"a person is boxing, jabbing mostly with his left hand.",0.021017903462052345,0.03865312412381172,0.09743589743589744,311.43280029296875,1.873535893537337e-06,0.0505673848092556
5,0.5,2,a person slowly walked forward and right direction,0.1014593243598938,0.1097588762640953,0.3230769230769231,880.0961303710938,0.00013107906852383167,0.20547813177108765
5,0.5,3,a person takes a big step backwards.,0.040231842547655106,0.05576841160655022,0.31794871794871793,340.3274230957031,4.060338142153341e-06,0.0856890007853508
5,0.5,4,"from a standing position person leans their head down to their right slowly, in front of their chest then back up kind of like a snake.",0.015914397314190865,0.03308091685175896,0.020512820512820513,138.8900909423828,0.0001689115451881662,0.032919954508543015
5,0.5,5,person picks up something on their left side and moves it to their right side,0.0172529648989439,0.03830493614077568,0.06153846153846154,145.5218963623047,0.00022180571977514774,0.03568655997514725
5,0.5,6,a person gets down and crawls around the floor.a,0.06803600490093231,0.07891511172056198,0.07179487179487179,617.044189453125,0.0012317892396822572,0.1375117152929306
5,0.5,7,a man movea his right hand as if to wipe down a tabletop.,0.01534994039684534,0.03707684949040413,0.010256410256410256,148.37432861328125,0.000276732025668025,0.03787342458963394
5,0.5,8,the person is making an arm gesture putting his arms up into the air,0.016855638474225998,0.0384882315993309,0.020512820512820513,167.5684356689453,0.00017535070946905762,0.03711521625518799
5,0.5,9,a person walks a path that bends left.,0.044085633009672165,0.05977889895439148,0.2512820512820513,437.01971435546875,7.517632184317335e-05,0.09614171087741852
5,0.5,10,a person is doing jumping jacks.,0.03431890532374382,0.052583958953619,0.09230769230769231,412.0028381347656,7.93316139606759e-05,0.08143556863069534
5,0.5,11,a person walks forward and stops.,0.01921527460217476,0.04007773846387863,0.14871794871794872,221.79689025878906,0.00028962266515009105,0.042045459151268005
5,0.5,12,jumping forward quickly then stopping.,0.04648661985993385,0.06295134127140045,0.18461538461538463,495.2912292480469,0.0008949257899075747,0.11270031332969666
5,0.5,13,a person taking a huge diagonal step,0.05014995485544205,0.06533586978912354,0.2923076923076923,444.68310546875,0.0,0.10584359616041183
5,0.5,14,"a man lifts his hands up in front his face and turns to his right, and then his left, and puts his hands back down.",0.015124453231692314,0.037093646824359894,0.010256410256410256,142.32762145996094,0.0003766098234336823,0.03494368493556976
5,0.5,15,a person is putting both hands to his face.,0.016852831467986107,0.03204134851694107,0.02564102564102564,144.94117736816406,0.00024921417934820056,0.030111702159047127
5,0.2,0,a man walks forward with arms relatively stiff at sides.,0.03522246703505516,0.047473181039094925,0.06666666666666667,153.54425048828125,0.0,0.048714205622673035
5,0.2,1,"a person is boxing, jabbing mostly with his left hand.",0.034076616168022156,0.04384395480155945,0.015384615384615385,249.12464904785156,0.0,0.052481506019830704
5,0.2,2,a person slowly walked forward and right direction,0.16264627873897552,0.16672652959823608,0.28717948717948716,481.0003662109375,0.00013903313083574176,0.2104799896478653
5,0.2,3,a person takes a big step backwards.,0.062245696783065796,0.07295043766498566,0.2717948717948718,189.5968780517578,0.0,0.08566327393054962
5,0.2,4,"from a standing position person leans their head down to their right slowly, in front of their chest then back up kind of like a snake.",0.024418219923973083,0.03215811401605606,0.0,78.76329803466797,0.0001138435400207527,0.03176533058285713
5,0.2,5,person picks up something on their left side and moves it to their right side,0.028358468785881996,0.038855504244565964,0.0,86.44508361816406,0.00016905565280467272,0.0363822877407074
5,0.2,6,a person gets down and crawls around the floor.a,0.10923302918672562,0.11449196189641953,0.041025641025641026,353.1317443847656,0.0011534352088347077,0.14041028916835785
5,0.2,7,a man movea his right hand as if to wipe down a tabletop.,0.025104457512497902,0.03776544705033302,0.0,100.76641845703125,0.00024029574706219137,0.03818736597895622
5,0.2,8,the person is making an arm gesture putting his arms up into the air,0.026150589808821678,0.038271695375442505,0.020512820512820513,114.02010345458984,0.00010436007141834125,0.03721509128808975
5,0.2,9,a person walks a path that bends left.,0.07419659197330475,0.08285458385944366,0.19487179487179487,280.1669006347656,3.2279716833727434e-05,0.10253824293613434
5,0.2,10,a person is doing jumping jacks.,0.06003330275416374,0.07215370237827301,0.05641025641025641,307.8445129394531,8.773065928835422e-05,0.08783882111310959
5,0.2,11,a person walks forward and stops.,0.030151614919304848,0.04170891270041466,0.15897435897435896,183.51364135742188,0.0002629786904435605,0.042012542486190796
5,0.2,12,jumping forward quickly then stopping.,0.07321105152368546,0.08177872002124786,0.09743589743589744,343.39556884765625,0.0008321097120642662,0.11381801962852478
5,0.2,13,a person taking a huge diagonal step,0.08034240454435349,0.08894236385822296,0.19487179487179487,251.12391662597656,0.0,0.10786006599664688
5,0.2,14,"a man lifts his hands up in front his face and turns to his right, and then his left, and puts his hands back down.",0.02410139888525009,0.03669929876923561,0.0,89.95023345947266,0.0002685363288037479,0.034787483513355255
5,0.2,15,a person is putting both hands to his face.,0.026955461129546165,0.03211737051606178,0.0,87.35347747802734,0.00015909376088529825,0.029976259917020798
5,0.05,0,a man walks forward with arms relatively stiff at sides.,0.03837069869041443,0.04854454845190048,0.07179487179487179,112.65672302246094,0.0,0.047206077724695206
5,0.05,1,"a person is boxing, jabbing mostly with his left hand.",0.042228758335113525,0.046797771006822586,0.010256410256410256,251.35418701171875,0.0,0.052451565861701965
5,0.05,2,a person slowly walked forward and right direction,0.1996392160654068,0.20235587656497955,0.2,305.32769775390625,0.00011954559158766642,0.22094683349132538
5,0.05,3,a person takes a big step backwards.,0.07590653002262115,0.08387131989002228,0.24102564102564103,147.6699981689453,0.0,0.08853651583194733
5,0.05,4,"from a standing position person leans their head down to their right slowly, in front of their chest then back up kind of like a snake.",0.029379382729530334,0.03290523961186409,0.0,58.917442321777344,9.771256009116769e-05,0.032296136021614075
5,0.05,5,person picks up something on their left side and moves it to their right side,0.032847460359334946,0.03963940963149071,0.005128205128205128,60.40210723876953,0.00015820612316019833,0.03598790988326073
5,0.05,6,a person gets down and crawls around the floor.a,0.1361912339925766,0.13984476029872894,0.020512820512820513,261.1883544921875,0.0010709571652114391,0.15034639835357666
5,0.05,7,a man movea his right hand as if to wipe down a tabletop.,0.029426414519548416,0.03813738748431206,0.0,83.22943115234375,0.0001934969623107463,0.037674833089113235
5,0.05,8,the person is making an arm gesture putting his arms up into the air,0.03273698315024376,0.03947097435593605,0.020512820512820513,100.12460327148438,7.570147135993466e-05,0.03831719234585762
5,0.05,9,a person walks a path that bends left.,0.08627336472272873,0.09288305044174194,0.13846153846153847,191.90878295898438,3.380499401828274e-05,0.10212163627147675
5,0.05,10,a person is doing jumping jacks.,0.06938622891902924,0.07842758297920227,0.05128205128205128,258.1759948730469,0.00010234427463728935,0.08702076226472855
5,0.05,11,a person walks forward and stops.,0.03578661382198334,0.04373835772275925,0.13846153846153847,159.5246124267578,0.0002015953214140609,0.04277333617210388
5,0.05,12,jumping forward quickly then stopping.,0.09327675402164459,0.10006394982337952,0.09743589743589744,281.29351806640625,0.0007814184064045548,0.11949023604393005
5,0.05,13,a person taking a huge diagonal step,0.09080834686756134,0.09804882854223251,0.14358974358974358,173.58656311035156,0.0,0.10495651513338089
5,0.05,14,"a man lifts his hands up in front his face and turns to his right, and then his left, and puts his hands back down.",0.02916322462260723,0.03707975149154663,0.0,68.44121551513672,0.00021081174782011658,0.034891705960035324
5,0.05,15,a person is putting both hands to his face.,0.032031845301389694,0.03270290046930313,0.0,66.47772979736328,0.00012763342238031328,0.0301311407238245
5,0.0,0,a man walks forward with arms relatively stiff at sides.,0.04352051019668579,0.051529232412576675,0.07179487179487179,116.45136260986328,0.0,0.04958775267004967
5,0.0,1,"a person is boxing, jabbing mostly with his left hand.",0.04386228322982788,0.048144567757844925,0.010256410256410256,234.52938842773438,0.0,0.05358099564909935
5,0.0,2,a person slowly walked forward and right direction,0.20786041021347046,0.21026074886322021,0.18461538461538463,251.79225158691406,0.00010043175279861316,0.2188175618648529
5,0.0,3,a person takes a big step backwards.,0.07726431638002396,0.08443190157413483,0.2,142.78167724609375,0.0,0.08656121790409088
5,0.0,4,"from a standing position person leans their head down to their right slowly, in front of their chest then back up kind of like a snake.",0.03065119870007038,0.03316070884466171,0.0,56.76039123535156,8.907022856874391e-05,0.03224257379770279
5,0.0,5,person picks up something on their left side and moves it to their right side,0.03426854684948921,0.03994711488485336,0.0,56.548133850097656,0.0001676228566793725,0.03628518432378769
5,0.0,6,a person gets down and crawls around the floor.a,0.13150639832019806,0.1350242644548416,0.020512820512820513,246.11282348632812,0.0010059005580842495,0.13926094770431519
5,0.0,7,a man movea his right hand as if to wipe down a tabletop.,0.0315190851688385,0.03890110179781914,0.0,79.35479736328125,0.00019942811923101544,0.03831164911389351
5,0.0,8,the person is making an arm gesture putting his arms up into the air,0.03342406079173088,0.03870039060711861,0.015384615384615385,93.81078338623047,7.016534800641239e-05,0.03714815527200699
5,0.0,9,a person walks a path that bends left.,0.09096620231866837,0.09608525037765503,0.15897435897435896,179.93482971191406,2.5572862796252593e-05,0.10191993415355682
5,0.0,10,a person is doing jumping jacks.,0.0661090537905693,0.07584631443023682,0.06153846153846154,274.1545715332031,0.00011765974340960383,0.0797361433506012
5,0.0,11,a person walks forward and stops.,0.03829444199800491,0.044674988836050034,0.14871794871794872,180.3157196044922,0.00022843755141366273,0.04295368120074272
5,0.0,12,jumping forward quickly then stopping.,0.09313955903053284,0.0992283821105957,0.11794871794871795,279.6482849121094,0.0009262976818718016,0.11533454805612564
5,0.0,13,a person taking a huge diagonal step,0.09328179061412811,0.09959623962640762,0.15384615384615385,166.33505249023438,0.0,0.10384997725486755
5,0.0,14,"a man lifts his hands up in front his face and turns to his right, and then his left, and puts his hands back down.",0.03065428137779236,0.03731849789619446,0.0,65.22665405273438,0.00019883649656549096,0.034907057881355286
5,0.0,15,a person is putting both hands to his face.,0.033374253660440445,0.03316201642155647,0.0,62.98602294921875,0.0001487439003540203,0.03012949787080288
10,1.0,0,a man walks forward with arms relatively stiff at sides.,8.080709434921118e-10,0.08073084056377411,0.3282051282051282,462.95526123046875,0.00031895091524347663,0.07959330826997757
10,1.0,1,"a person is boxing, jabbing mostly with his left hand.",1.0326227650736541e-09,0.07895896583795547,0.36923076923076925,651.324951171875,0.00107216602191329,0.07793120294809341
10,1.0,2,a person slowly walked forward and right direction,5.926598101169134e-10,0.08806499093770981,0.48205128205128206,1362.296630859375,0.00012677421909756958,0.18089385330677032
10,1.0,3,a person takes a big step backwards.,4.733627934072615e-10,0.07669723778963089,0.37435897435897436,630.101806640625,7.281002035597339e-05,0.09747573733329773
10,1.0,4,"from a standing position person leans their head down to their right slowly, in front of their chest then back up kind of like a snake.",1.1664144095036022e-09,0.09224365651607513,0.36923076923076925,466.2142639160156,8.001138485269621e-05,0.08743474632501602
10,1.0,5,person picks up something on their left side and moves it to their right side,1.0845156994676586e-09,0.0791688933968544,0.3487179487179487,353.9931335449219,0.00021548356744460762,0.06887579709291458
10,1.0,6,a person gets down and crawls around the floor.a,2.9293687475728802e-09,0.07528331130743027,0.20512820512820512,1088.4842529296875,0.002226304030045867,0.1395876407623291
10,1.0,7,a man movea his right hand as if to wipe down a tabletop.,1.081041700601304e-09,0.07561883330345154,0.40512820512820513,346.89190673828125,0.0003078593872487545,0.0654023140668869
10,1.0,8,the person is making an arm gesture putting his arms up into the air,1.2409013816494507e-09,0.09254834800958633,0.5025641025641026,489.9396057128906,0.0006484041223302484,0.08332536369562149
10,1.0,9,a person walks a path that bends left.,1.9049779809154899e-10,0.09121134132146835,0.38461538461538464,735.3079833984375,0.0002508750185370445,0.11353345960378647
10,1.0,10,a person is doing jumping jacks.,1.2127029380692989e-09,0.08194250613451004,0.1641025641025641,747.0718994140625,0.00011585439642658457,0.10025996714830399
10,1.0,11,a person walks forward and stops.,3.7702688193697043e-10,0.08601383864879608,0.41025641025641024,534.7194213867188,0.0017235343111678958,0.08370975404977798
10,1.0,12,jumping forward quickly then stopping.,6.735851321160169e-10,0.0737273320555687,0.3435897435897436,924.3292236328125,0.00023921788670122623,0.12912243604660034
10,1.0,13,a person taking a huge diagonal step,6.019741372043086e-10,0.08227212727069855,0.2205128205128205,880.9017944335938,0.00023365492234006524,0.1295594573020935
10,1.0,14,"a man lifts his hands up in front his face and turns to his right, and then his left, and puts his hands back down.",8.117286287578906e-10,0.08671464771032333,0.39487179487179486,435.2699279785156,0.0010352869285270572,0.0754227414727211
10,1.0,15,a person is putting both hands to his face.,1.0544893846997638e-09,0.07632550597190857,0.3384615384615385,375.0751647949219,0.0017867879942059517,0.05880684405565262
10,0.5,0,a man walks forward with arms relatively stiff at sides.,0.031082414090633392,0.07794249802827835,0.3282051282051282,296.5548095703125,0.0001881775533547625,0.08306074887514114
10,0.5,1,"a person is boxing, jabbing mostly with his left hand.",0.03241640701889992,0.06932259351015091,0.3333333333333333,405.78656005859375,0.0006259178626351058,0.06999744474887848
10,0.5,2,a person slowly walked forward and right direction,0.08296005427837372,0.12322127819061279,0.49230769230769234,811.6784057617188,0.0001276878174394369,0.18355968594551086
10,0.5,3,a person takes a big step backwards.,0.04181798920035362,0.08168287575244904,0.3487179487179487,380.9494934082031,4.682938742917031e-05,0.0996054857969284
10,0.5,4,"from a standing position person leans their head down to their right slowly, in front of their chest then back up kind of like a snake.",0.03312315791845322,0.08648734539747238,0.3333333333333333,276.6790771484375,5.4776079196017236e-05,0.08820368349552155
10,0.5,5,person picks up something on their left side and moves it to their right side,0.023742882534861565,0.07231507450342178,0.31794871794871793,199.80035400390625,0.00015711381274741143,0.06693058460950851
10,0.5,6,a person gets down and crawls around the floor.a,0.07199668139219284,0.09390877932310104,0.15897435897435896,637.8555297851562,0.0010212576016783714,0.14419852197170258
10,0.5,7,a man movea his right hand as if to wipe down a tabletop.,0.021856404840946198,0.06876302510499954,0.31794871794871793,213.8730926513672,0.00022569963766727597,0.06426075845956802
10,0.5,8,the person is making an arm gesture putting his arms up into the air,0.030689505860209465,0.08400604128837585,0.441025641025641,297.46624755859375,0.0005390073056332767,0.08032592386007309
10,0.5,9,a person walks a path that bends left.,0.05142718926072121,0.09641961753368378,0.3333333333333333,448.8687438964844,0.00018803861166816205,0.11875592917203903
10,0.5,10,a person is doing jumping jacks.,0.04443920776247978,0.08412354439496994,0.11282051282051282,470.3074645996094,0.00011359649215592071,0.09968273341655731
10,0.5,11,a person walks forward and stops.,0.032053474336862564,0.08163964748382568,0.358974358974359,356.0910949707031,0.001604708144441247,0.08503402769565582
10,0.5,12,jumping forward quickly then stopping.,0.04931258410215378,0.08229750394821167,0.31794871794871793,540.1679077148438,0.00013365653285291046,0.1164880022406578
10,0.5,13,a person taking a huge diagonal step,0.05724368616938591,0.09679467231035233,0.21025641025641026,509.136474609375,0.00018450667266733944,0.13150258362293243
10,0.5,14,"a man lifts his hands up in front his face and turns to his right, and then his left, and puts his hands back down.",0.029588608071208,0.0778590515255928,0.3435897435897436,252.34521484375,0.0007722318405285478,0.0744619220495224
10,0.5,15,a person is putting both hands to his face.,0.026062529534101486,0.06481829285621643,0.3435897435897436,220.8660430908203,0.0013875399017706513,0.05713580176234245
10,0.2,0,a man walks forward with arms relatively stiff at sides.,0.049801118671894073,0.0832318514585495,0.27692307692307694,206.2335205078125,0.0001453206641599536,0.08485403656959534
10,0.2,1,"a person is boxing, jabbing mostly with his left hand.",0.06028071418404579,0.07521029561758041,0.2564102564102564,301.12725830078125,0.0005510538467206061,0.07573802024126053
10,0.2,2,a person slowly walked forward and right direction,0.12980733811855316,0.15630120038986206,0.441025641025641,484.0879211425781,0.00013336118718143553,0.18240110576152802
10,0.2,3,a person takes a big step backwards.,0.06570776551961899,0.09342345595359802,0.2564102564102564,232.2914581298828,3.945608841604553e-05,0.10040643811225891
10,0.2,4,"from a standing position person leans their head down to their right slowly, in front of their chest then back up kind of like a snake.",0.05033989995718002,0.08739741891622543,0.29743589743589743,156.17161560058594,6.204209057614207e-05,0.08574047684669495
10,0.2,5,person picks up something on their left side and moves it to their right side,0.0385417565703392,0.07256323099136353,0.26153846153846155,117.73917388916016,0.00012933109246660024,0.06929000467061996
10,0.2,6,a person gets down and crawls around the floor.a,0.11498067528009415,0.12329020351171494,0.1641025641025641,384.0546569824219,0.00048605306074023247,0.14757737517356873
10,0.2,7,a man movea his right hand as if to wipe down a tabletop.,0.03611933812499046,0.06883681565523148,0.3128205128205128,134.18772888183594,0.0002062544081127271,0.06485676765441895
10,0.2,8,the person is making an arm gesture putting his arms up into the air,0.04958393797278404,0.08406461030244827,0.40512820512820513,190.87326049804688,0.00046351164928637445,0.08080371469259262
10,0.2,9,a person walks a path that bends left.,0.07827069610357285,0.1081642359495163,0.3128205128205128,237.64541625976562,0.00022008843370713294,0.11589392274618149
10,0.2,10,a person is doing jumping jacks.,0.07351675629615784,0.09413477033376694,0.09230769230769231,321.089599609375,0.0001333869295194745,0.1044260635972023
10,0.2,11,a person walks forward and stops.,0.04889463260769844,0.0830175057053566,0.31794871794871793,236.577880859375,0.0015002518193796277,0.08245336264371872
10,0.2,12,jumping forward quickly then stopping.,0.0837588757276535,0.10192568600177765,0.2564102564102564,394.249755859375,7.65126314945519e-05,0.12886324524879456
10,0.2,13,a person taking a huge diagonal step,0.09154856950044632,0.11751815676689148,0.19487179487179487,287.4897155761719,0.0001607430458534509,0.13354167342185974
10,0.2,14,"a man lifts his hands up in front his face and turns to his right, and then his left, and puts his hands back down.",0.04543457180261612,0.07851424068212509,0.2512820512820513,137.02442932128906,0.0006006209878250957,0.07470117509365082
10,0.2,15,a person is putting both hands to his face.,0.04271676391363144,0.062214694917201996,0.1794871794871795,128.74282836914062,0.0012702065287157893,0.05697069317102432
10,0.05,0,a man walks forward with arms relatively stiff at sides.,0.05423802137374878,0.08341405540704727,0.2717948717948718,168.7477264404297,0.00011780371278291568,0.0802859365940094
10,0.05,1,"a person is boxing, jabbing mostly with his left hand.",0.06871429830789566,0.07809718698263168,0.15384615384615385,268.32489013671875,0.0005457520019263029,0.07776129990816116
10,0.05,2,a person slowly walked forward and right direction,0.16517522931098938,0.1864910125732422,0.4153846153846154,366.92486572265625,9.985653741750866e-05,0.19731244444847107
10,0.05,3,a person takes a big step backwards.,0.0791953057050705,0.10176704823970795,0.2512820512820513,189.73895263671875,4.116481795790605e-05,0.1036294549703598
10,0.05,4,"from a standing position person leans their head down to their right slowly, in front of their chest then back up kind of like a snake.",0.05456657335162163,0.08596870303153992,0.2512820512820513,112.12104797363281,4.821951006306335e-05,0.08215086162090302
10,0.05,5,person picks up something on their left side and moves it to their right side,0.046083033084869385,0.07193491607904434,0.23076923076923078,93.97156524658203,8.642287866678089e-05,0.06734044849872589
10,0.05,6,a person gets down and crawls around the floor.a,0.13551238179206848,0.13951601088047028,0.11282051282051282,266.15557861328125,0.00036340855876915157,0.14617013931274414
10,0.05,7,a man movea his right hand as if to wipe down a tabletop.,0.040853604674339294,0.06913301348686218,0.2717948717948718,108.68751525878906,0.00016642121772747487,0.06415478885173798
10,0.05,8,the person is making an arm gesture putting his arms up into the air,0.0571359358727932,0.08408193290233612,0.38974358974358975,149.28240966796875,0.000474723317893222,0.07939058542251587
10,0.05,9,a person walks a path that bends left.,0.09247089922428131,0.11664508283138275,0.26153846153846155,184.0994415283203,0.00023490421881433576,0.11687050014734268
10,0.05,10,a person is doing jumping jacks.,0.08713424205780029,0.10255777090787888,0.09743589743589744,293.8524169921875,0.0001764789194567129,0.10445086658000946
10,0.05,11,a person walks forward and stops.,0.06284227967262268,0.08899670839309692,0.3076923076923077,200.03480529785156,0.0015773471677675843,0.08653703331947327
10,0.05,12,jumping forward quickly then stopping.,0.10119547694921494,0.11477284878492355,0.2512820512820513,303.018310546875,9.75815491983667e-05,0.12849071621894836
10,0.05,13,a person taking a huge diagonal step,0.11949761211872101,0.13827580213546753,0.15897435897435896,214.3349151611328,0.00015467785124201328,0.1455577313899994
10,0.05,14,"a man lifts his hands up in front his face and turns to his right, and then his left, and puts his hands back down.",0.05601297318935394,0.07828717678785324,0.2717948717948718,107.92894744873047,0.0005442370311357081,0.0739518254995346
10,0.05,15,a person is putting both hands to his face.,0.05217926204204559,0.06373897194862366,0.19487179487179487,99.41859436035156,0.001192452502436936,0.059662800282239914
10,0.0,0,a man walks forward with arms relatively stiff at sides.,0.058466438204050064,0.08438872545957565,0.2512820512820513,162.58551025390625,0.00011377067130524665,0.08156690746545792
10,0.0,1,"a person is boxing, jabbing mostly with his left hand.",0.07867825776338577,0.0834217518568039,0.14358974358974358,269.4069519042969,0.00039551162626594305,0.0814085602760315
10,0.0,2,a person slowly walked forward and right direction,0.16581718623638153,0.18557260930538177,0.4256410256410256,316.928466796875,0.00013747655611950904,0.18901002407073975
10,0.0,3,a person takes a big step backwards.,0.0794171541929245,0.10140815377235413,0.24102564102564103,173.96946716308594,3.123669375781901e-05,0.09939927607774734
10,0.0,4,"from a standing position person leans their head down to their right slowly, in front of their chest then back up kind of like a snake.",0.06175817921757698,0.08901669085025787,0.26153846153846155,104.09143829345703,3.88898843084462e-05,0.08477748185396194
10,0.0,5,person picks up something on their left side and moves it to their right side,0.04683111980557442,0.07186581939458847,0.23076923076923078,87.59697723388672,0.00010641377593856305,0.06755270063877106
10,0.0,6,a person gets down and crawls around the floor.a,0.15100306272506714,0.15200529992580414,0.12307692307692308,251.0744171142578,0.00029680278385058045,0.15670372545719147
10,0.0,7,a man movea his right hand as if to wipe down a tabletop.,0.04300667718052864,0.06924407929182053,0.2717948717948718,102.45750427246094,0.0001931413571583107,0.06415049731731415
10,0.0,8,the person is making an arm gesture putting his arms up into the air,0.06080399081110954,0.08517571538686752,0.3282051282051282,143.39207458496094,0.0005300202174112201,0.0799243152141571
10,0.0,9,a person walks a path that bends left.,0.09947727620601654,0.11967538297176361,0.2717948717948718,188.0120849609375,0.00021485153411049396,0.11667075753211975
10,0.0,10,a person is doing jumping jacks.,0.09481031447649002,0.10894031822681427,0.07179487179487179,284.8279724121094,8.859835361363366e-05,0.1108066663146019
10,0.0,11,a person walks forward and stops.,0.06474606692790985,0.0901435911655426,0.3076923076923077,195.329345703125,0.001496689859777689,0.08612994104623795
10,0.0,12,jumping forward quickly then stopping.,0.09933105856180191,0.11147620528936386,0.2153846153846154,301.6052551269531,8.584929310018197e-05,0.122219517827034
10,0.0,13,a person taking a huge diagonal step,0.11377885192632675,0.13339242339134216,0.16923076923076924,188.7712860107422,0.00013505392416846007,0.1359051913022995
10,0.0,14,"a man lifts his hands up in front his face and turns to his right, and then his left, and puts his hands back down.",0.05802476033568382,0.07926363497972488,0.21025641025641026,98.53693389892578,0.0006200445350259542,0.07443299889564514
10,0.0,15,a person is putting both hands to his face.,0.053060658276081085,0.06267298758029938,0.20512820512820512,90.42239379882812,0.001143803121522069,0.057864487171173096
20,1.0,0,a man walks forward with arms relatively stiff at sides.,1.6472699870817564e-09,0.17244009673595428,0.3282051282051282,954.540283203125,0.0001377709850203246,0.1737159639596939
20,1.0,1,"a person is boxing, jabbing mostly with his left hand.",1.1298489921429677e-09,0.14981310069561005,0.4,863.8451538085938,0.0009584144572727382,0.13021887838840485
20,1.0,2,a person slowly walked forward and right direction,1.1789696996444832e-09,0.17318806052207947,0.5076923076923077,2025.5245361328125,0.00039201416075229645,0.2840408682823181
20,1.0,3,a person takes a big step backwards.,9.90588611138321e-10,0.1619645655155182,0.4512820512820513,1162.83935546875,0.0014110362390056252,0.1850157529115677
20,1.0,4,"from a standing position person leans their head down to their right slowly, in front of their chest then back up kind of like a snake.",1.9329611244955913e-09,0.15447860956192017,0.48717948717948717,594.21142578125,0.0005550907808355987,0.13368764519691467
20,1.0,5,person picks up something on their left side and moves it to their right side,1.7879677738363853e-09,0.16507786512374878,0.4256410256410256,651.4537963867188,0.0003112968406639993,0.13592392206192017
20,1.0,6,a person gets down and crawls around the floor.a,4.477762605148428e-09,0.14007821679115295,0.2512820512820513,1297.0408935546875,0.005400111433118582,0.1799207627773285
20,1.0,7,a man movea his right hand as if to wipe down a tabletop.,1.7120944661996873e-09,0.16217602789402008,0.4358974358974359,519.17626953125,0.0002695350267458707,0.13598757982254028
20,1.0,8,the person is making an arm gesture putting his arms up into the air,2.4866542158719085e-09,0.1721598505973816,0.3487179487179487,808.7416381835938,0.0010934603633359075,0.14188720285892487
20,1.0,9,a person walks a path that bends left.,6.022184972920286e-10,0.1611539125442505,0.358974358974359,988.2005615234375,0.0005062652053311467,0.17798960208892822
20,1.0,10,a person is doing jumping jacks.,2.074979077448802e-09,0.16918595135211945,0.2923076923076923,1030.59423828125,0.0005218801088631153,0.1465374082326889
20,1.0,11,a person walks forward and stops.,9.92705251334769e-10,0.17226704955101013,0.5692307692307692,1159.2703857421875,0.0010060336207970977,0.1835159957408905
20,1.0,12,jumping forward quickly then stopping.,1.4569866424452016e-09,0.16419148445129395,0.3076923076923077,1156.1805419921875,0.001794441370293498,0.19729842245578766
20,1.0,13,a person taking a huge diagonal step,8.910903681602633e-10,0.15247806906700134,0.28205128205128205,1122.002685546875,3.8027479604352266e-05,0.17993387579917908
20,1.0,14,"a man lifts his hands up in front his face and turns to his right, and then his left, and puts his hands back down.",1.6876369191010099e-09,0.16122852265834808,0.2153846153846154,771.67529296875,0.0005427532596513629,0.13296212255954742
20,1.0,15,a person is putting both hands to his face.,1.486889722457363e-09,0.15527604520320892,0.3282051282051282,641.7315673828125,0.00036561908200383186,0.1240360364317894
20,0.5,0,a man walks forward with arms relatively stiff at sides.,0.061549510806798935,0.16870951652526855,0.26666666666666666,591.9160766601562,0.00016616987704765052,0.1752067357301712
20,0.5,1,"a person is boxing, jabbing mostly with his left hand.",0.04919715225696564,0.1302449107170105,0.38974358974358975,530.174560546875,0.0006719998200424016,0.12218665331602097
20,0.5,2,a person slowly walked forward and right direction,0.1323271095752716,0.2108319252729416,0.5282051282051282,1207.884765625,0.0003977967717219144,0.2929784953594208
20,0.5,3,a person takes a big step backwards.,0.07677247375249863,0.1633225977420807,0.46153846153846156,690.9915771484375,0.0013126624980941415,0.18651904165744781
20,0.5,4,"from a standing position person leans their head down to their right slowly, in front of their chest then back up kind of like a snake.",0.037326961755752563,0.1435253620147705,0.4717948717948718,361.7355651855469,0.00044426010572351515,0.13135284185409546
20,0.5,5,person picks up something on their left side and moves it to their right side,0.04548928514122963,0.1516224592924118,0.4564102564102564,408.9114990234375,0.00029670202638953924,0.13750220835208893
20,0.5,6,a person gets down and crawls around the floor.a,0.08673783391714096,0.15166720747947693,0.2512820512820513,786.3970336914062,0.00353229814209044,0.18668626248836517
20,0.5,7,a man movea his right hand as if to wipe down a tabletop.,0.033609796315431595,0.14817553758621216,0.4256410256410256,308.809814453125,0.000273349869530648,0.13027964532375336
20,0.5,8,the person is making an arm gesture putting his arms up into the air,0.05169146880507469,0.15292467176914215,0.3333333333333333,495.9672546386719,0.0008466987055726349,0.14121419191360474
20,0.5,9,a person walks a path that bends left.,0.06307704001665115,0.1564226597547531,0.37435897435897436,582.5942993164062,0.00041795248398557305,0.17232944071292877
20,0.5,10,a person is doing jumping jacks.,0.05771875008940697,0.14956869184970856,0.2717948717948718,626.5927124023438,0.0004107940767426044,0.1393289864063263
20,0.5,11,a person walks forward and stops.,0.07038440555334091,0.1664174646139145,0.5333333333333333,643.0755615234375,0.0008295418811030686,0.17562861740589142
20,0.5,12,jumping forward quickly then stopping.,0.07279317080974579,0.17292726039886475,0.3076923076923077,729.4417724609375,0.0017101214034482837,0.2004072070121765
20,0.5,13,a person taking a huge diagonal step,0.07355382293462753,0.15521685779094696,0.31794871794871793,648.8742065429688,2.8783208108507097e-05,0.18071061372756958
20,0.5,14,"a man lifts his hands up in front his face and turns to his right, and then his left, and puts his hands back down.",0.0483846478164196,0.14306434988975525,0.2153846153846154,451.044189453125,0.0004907426191493869,0.13095441460609436
20,0.5,15,a person is putting both hands to his face.,0.04361717775464058,0.14205528795719147,0.2923076923076923,386.568359375,0.00031380605651065707,0.1272759884595871
20,0.2,0,a man walks forward with arms relatively stiff at sides.,0.09973537921905518,0.1805652379989624,0.27692307692307694,389.2387390136719,0.00016790383961051702,0.18089155852794647
20,0.2,1,"a person is boxing, jabbing mostly with his left hand.",0.08150886744260788,0.13252238929271698,0.37435897435897436,376.350341796875,0.0005593913956545293,0.13244788348674774
20,0.2,2,a person slowly walked forward and right direction,0.1914501041173935,0.2469978779554367,0.517948717948718,690.5641479492188,0.00040238312794826925,0.27523350715637207
20,0.2,3,a person takes a big step backwards.,0.1200409084558487,0.17609825730323792,0.36923076923076925,440.0771484375,0.001232034876011312,0.18542373180389404
20,0.2,4,"from a standing position person leans their head down to their right slowly, in front of their chest then back up kind of like a snake.",0.060016583651304245,0.14208528399467468,0.4205128205128205,243.5932159423828,0.000416677154134959,0.13101622462272644
20,0.2,5,person picks up something on their left side and moves it to their right side,0.07161767780780792,0.15157388150691986,0.441025641025641,247.30958557128906,0.00019734285888262093,0.13922418653964996
20,0.2,6,a person gets down and crawls around the floor.a,0.137941375374794,0.1768597513437271,0.2564102564102564,466.0713806152344,0.0026612423826009035,0.1881485879421234
20,0.2,7,a man movea his right hand as if to wipe down a tabletop.,0.06047970429062843,0.14716915786266327,0.39487179487179486,215.45680236816406,0.00025526617537252605,0.1365920752286911
20,0.2,8,the person is making an arm gesture putting his arms up into the air,0.08230152726173401,0.14950346946716309,0.31794871794871793,317.9044494628906,0.0008400207152590156,0.14129313826560974
20,0.2,9,a person walks a path that bends left.,0.10377752035856247,0.17082683742046356,0.38974358974358975,359.9164733886719,0.00048192357644438744,0.17970971763134003
20,0.2,10,a person is doing jumping jacks.,0.10053013265132904,0.15128445625305176,0.24102564102564103,460.0777282714844,0.0002627776120789349,0.14083035290241241
20,0.2,11,a person walks forward and stops.,0.11268465220928192,0.1766931414604187,0.5384615384615384,411.8575439453125,0.0009176052990369499,0.1787486970424652
20,0.2,12,jumping forward quickly then stopping.,0.1132272481918335,0.18645893037319183,0.4,498.75518798828125,0.0014198905555531383,0.1958223134279251
20,0.2,13,a person taking a huge diagonal step,0.12049535661935806,0.17276360094547272,0.2564102564102564,388.1932678222656,9.006031905300915e-05,0.18240557610988617
20,0.2,14,"a man lifts his hands up in front his face and turns to his right, and then his left, and puts his hands back down.",0.07634930312633514,0.14010268449783325,0.18974358974358974,292.7984924316406,0.0004081946681253612,0.12913943827152252
20,0.2,15,a person is putting both hands to his face.,0.06727632135152817,0.13736970722675323,0.3384615384615385,254.86752319335938,0.00027819923707284033,0.12323452532291412
20,0.05,0,a man walks forward with arms relatively stiff at sides.,0.1136222630739212,0.18187010288238525,0.28205128205128205,304.0158386230469,0.00016505592793691903,0.17494088411331177
20,0.05,1,"a person is boxing, jabbing mostly with his left hand.",0.0981975793838501,0.1328849494457245,0.3384615384615385,327.4640808105469,0.0006103930645622313,0.12903103232383728
20,0.05,2,a person slowly walked forward and right direction,0.24653086066246033,0.2923853099346161,0.5230769230769231,468.9624328613281,0.00046514879795722663,0.300523579120636
20,0.05,3,a person takes a big step backwards.,0.14770229160785675,0.18984496593475342,0.37948717948717947,305.6912536621094,0.0012010138016194105,0.18850401043891907
20,0.05,4,"from a standing position person leans their head down to their right slowly, in front of their chest then back up kind of like a snake.",0.07202401012182236,0.14470480382442474,0.4,198.23594665527344,0.0003784832952078432,0.133034348487854
20,0.05,5,person picks up something on their left side and moves it to their right side,0.08294645696878433,0.1484275460243225,0.4153846153846154,198.21881103515625,0.00028513959841802716,0.1341162919998169
20,0.05,6,a person gets down and crawls around the floor.a,0.17669005692005157,0.20531125366687775,0.2153846153846154,350.27484130859375,0.0022994426544755697,0.20377562940120697
20,0.05,7,a man movea his right hand as if to wipe down a tabletop.,0.06814923137426376,0.1455616056919098,0.41025641025641024,175.03109741210938,0.00020570436026901007,0.13427141308784485
20,0.05,8,the person is making an arm gesture putting his arms up into the air,0.09693043678998947,0.14890359342098236,0.28205128205128205,245.38031005859375,0.0008183472673408687,0.13926750421524048
20,0.05,9,a person walks a path that bends left.,0.12596258521080017,0.18064332008361816,0.3333333333333333,290.1949462890625,0.0003593837609514594,0.18167744576931
20,0.05,10,a person is doing jumping jacks.,0.11973243206739426,0.15498323738574982,0.26153846153846155,389.5224609375,0.0002663882332853973,0.14458440244197845
20,0.05,11,a person walks forward and stops.,0.1275642216205597,0.17945893108844757,0.5384615384615384,349.0522155761719,0.0009365712758153677,0.17320741713047028
20,0.05,12,jumping forward quickly then stopping.,0.13405302166938782,0.1974622905254364,0.3487179487179487,432.3717041015625,0.002079950412735343,0.19820302724838257
20,0.05,13,a person taking a huge diagonal step,0.15672361850738525,0.1962660402059555,0.26153846153846155,265.7878112792969,5.968099503661506e-05,0.20006996393203735
20,0.05,14,"a man lifts his hands up in front his face and turns to his right, and then his left, and puts his hands back down.",0.08786847442388535,0.13715530931949615,0.16923076923076924,214.49591064453125,0.0004262966103851795,0.1265454739332199
20,0.05,15,a person is putting both hands to his face.,0.08560694009065628,0.14239081740379333,0.3487179487179487,203.666259765625,0.0002520557609386742,0.1297743320465088
20,0.0,0,a man walks forward with arms relatively stiff at sides.,0.1167815625667572,0.1827138364315033,0.27692307692307694,272.1612243652344,0.00019726627215277404,0.17307545244693756
20,0.0,1,"a person is boxing, jabbing mostly with his left hand.",0.10548008978366852,0.1322072595357895,0.3333333333333333,326.3521728515625,0.0003689723671413958,0.1249028816819191
20,0.0,2,a person slowly walked forward and right direction,0.24829433858394623,0.2932465970516205,0.48717948717948717,424.7570495605469,0.000612206815276295,0.28949490189552307
20,0.0,3,a person takes a big step backwards.,0.15263114869594574,0.19247592985630035,0.38974358974358975,302.6388244628906,0.001199927064590156,0.18659205734729767
20,0.0,4,"from a standing position person leans their head down to their right slowly, in front of their chest then back up kind of like a snake.",0.07317054271697998,0.14126071333885193,0.4358974358974359,189.76937866210938,0.0004006106173619628,0.12896986305713654
20,0.0,5,person picks up something on their left side and moves it to their right side,0.0841512456536293,0.1485041379928589,0.4205128205128205,184.6588134765625,0.00022082084615249187,0.1335788071155548
20,0.0,6,a person gets down and crawls around the floor.a,0.16705484688282013,0.19518660008907318,0.14871794871794872,336.6642761230469,0.002439989009872079,0.18605194985866547
20,0.0,7,a man movea his right hand as if to wipe down a tabletop.,0.06972764432430267,0.14392060041427612,0.4307692307692308,183.01510620117188,0.00022437101870309561,0.13269880414009094
20,0.0,8,the person is making an arm gesture putting his arms up into the air,0.10535328835248947,0.15044353902339935,0.27692307692307694,229.09815979003906,0.0008291446138173342,0.14137937128543854
20,0.0,9,a person walks a path that bends left.,0.12273520231246948,0.17800021171569824,0.3076923076923077,281.7657165527344,0.00036613200791180134,0.17407523095607758
20,0.0,10,a person is doing jumping jacks.,0.12140876054763794,0.15726694464683533,0.2153846153846154,371.06976318359375,0.0002098092663800344,0.14559046924114227
20,0.0,11,a person walks forward and stops.,0.1456475853919983,0.19239364564418793,0.5692307692307692,346.7390441894531,0.0008536154637113214,0.1832517832517624
20,0.0,12,jumping forward quickly then stopping.,0.1558743566274643,0.2148321270942688,0.30256410256410254,416.9311218261719,0.001795481308363378,0.2166692316532135
20,0.0,13,a person taking a huge diagonal step,0.14519286155700684,0.18781797587871552,0.24615384615384617,251.62205505371094,3.6031367926625535e-05,0.18281209468841553
20,0.0,14,"a man lifts his hands up in front his face and turns to his right, and then his left, and puts his hands back down.",0.10045813769102097,0.14137013256549835,0.16923076923076924,207.9208221435547,0.00041222674190066755,0.12955155968666077
20,0.0,15,a person is putting both hands to his face.,0.08339542150497437,0.14116092026233673,0.31794871794871793,222.27169799804688,0.00024882008437998593,0.1254883110523224
30,1.0,0,a man walks forward with arms relatively stiff at sides.,1.7476754488043866e-09,0.24691933393478394,0.12307692307692308,1284.3785400390625,0.0,0.22268781065940857
30,1.0,1,"a person is boxing, jabbing mostly with his left hand.",2.8159441445296807e-09,0.23740272223949432,0.36923076923076925,1293.13623046875,0.0007657969836145639,0.21290117502212524
30,1.0,2,a person slowly walked forward and right direction,2.001490528868999e-09,0.22455427050590515,0.2717948717948718,2055.78076171875,3.417781044845469e-05,0.3010464608669281
30,1.0,3,a person takes a big step backwards.,1.315036635141098e-09,0.22803600132465363,0.3128205128205128,1353.499267578125,0.0002835949999280274,0.22460421919822693
30,1.0,4,"from a standing position person leans their head down to their right slowly, in front of their chest then back up kind of like a snake.",3.4585696528921517e-09,0.254526287317276,0.27692307692307694,923.5292358398438,0.00012424732267390937,0.19033393263816833
30,1.0,5,person picks up something on their left side and moves it to their right side,2.4049617852739402e-09,0.23388341069221497,0.29743589743589743,1004.1876831054688,0.00035913148894906044,0.21078044176101685
30,1.0,6,a person gets down and crawls around the floor.a,5.009797909849567e-09,0.20223300158977509,0.3128205128205128,1275.8365478515625,0.0083541264757514,0.20603492856025696
30,1.0,7,a man movea his right hand as if to wipe down a tabletop.,2.6553359511183316e-09,0.24110741913318634,0.16923076923076924,932.3012084960938,0.0010267102625221014,0.21356362104415894
30,1.0,8,the person is making an arm gesture putting his arms up into the air,2.5243234169636253e-09,0.23482543230056763,0.29743589743589743,981.6494140625,0.0003115115105174482,0.2059381902217865
30,1.0,9,a person walks a path that bends left.,1.082203993085784e-09,0.23264150321483612,0.2923076923076923,1254.8626708984375,0.0005254901479929686,0.21733953058719635
30,1.0,10,a person is doing jumping jacks.,2.4741313442433466e-09,0.25980475544929504,0.18461538461538463,1402.8907470703125,9.108019003178924e-05,0.21192070841789246
30,1.0,11,a person walks forward and stops.,1.316174169652129e-09,0.23631902039051056,0.3641025641025641,1123.68798828125,0.0002727090904954821,0.1983863115310669
30,1.0,12,jumping forward quickly then stopping.,3.536281267813024e-09,0.23479178547859192,0.19487179487179487,1615.4996337890625,0.00018205438391305506,0.2643693685531616
30,1.0,13,a person taking a huge diagonal step,1.1068859162577382e-09,0.22596965730190277,0.19487179487179487,1725.308349609375,0.00025676871882751584,0.2796027958393097
30,1.0,14,"a man lifts his hands up in front his face and turns to his right, and then his left, and puts his hands back down.",2.331615567285894e-09,0.22684097290039062,0.1794871794871795,973.6834716796875,7.364539487753063e-05,0.18158559501171112
30,1.0,15,a person is putting both hands to his face.,2.2652548725687893e-09,0.2455594837665558,0.2564102564102564,1007.6709594726562,0.00010028869292000309,0.18881531059741974
30,0.5,0,a man walks forward with arms relatively stiff at sides.,0.07519654184579849,0.2285061627626419,0.1076923076923077,758.3911743164062,0.0,0.21620190143585205
30,0.5,1,"a person is boxing, jabbing mostly with his left hand.",0.07317367941141129,0.21987219154834747,0.37435897435897436,801.2511596679688,0.0006595643353648484,0.20015539228916168
30,0.5,2,a person slowly walked forward and right direction,0.1344725638628006,0.25545382499694824,0.3384615384615385,1290.8052978515625,0.000311694253468886,0.31317663192749023
30,0.5,3,a person takes a big step backwards.,0.09677747637033463,0.22577816247940063,0.3128205128205128,868.2889404296875,0.0002461516414768994,0.23819850385189056
30,0.5,4,"from a standing position person leans their head down to their right slowly, in front of their chest then back up kind of like a snake.",0.059787534177303314,0.22686631977558136,0.26153846153846155,605.5706176757812,0.00013340060831978917,0.18970559537410736
30,0.5,5,person picks up something on their left side and moves it to their right side,0.0641644224524498,0.22313867509365082,0.3128205128205128,644.4497680664062,0.0006829248741269112,0.2123478204011917
30,0.5,6,a person gets down and crawls around the floor.a,0.0836988016963005,0.20079375803470612,0.28205128205128205,785.5304565429688,0.005290096625685692,0.20781458914279938
30,0.5,7,a man movea his right hand as if to wipe down a tabletop.,0.058947306126356125,0.2265642285346985,0.1794871794871795,564.5928955078125,0.0008001091773621738,0.2124660313129425
30,0.5,8,the person is making an arm gesture putting his arms up into the air,0.060144033282995224,0.22566765546798706,0.28717948717948716,640.7214965820312,7.582473335787654e-05,0.2099355012178421
30,0.5,9,a person walks a path that bends left.,0.07866949588060379,0.22071804106235504,0.3128205128205128,738.14111328125,0.0004091705195605755,0.2148326188325882
30,0.5,10,a person is doing jumping jacks.,0.08285856992006302,0.23075039684772491,0.1794871794871795,845.2577514648438,9.892721573123708e-05,0.2104540765285492
30,0.5,11,a person walks forward and stops.,0.06393975019454956,0.21419696509838104,0.3384615384615385,690.4945068359375,0.00024021280114538968,0.1962936669588089
30,0.5,12,jumping forward quickly then stopping.,0.11387241631746292,0.2437976598739624,0.1794871794871795,1091.2845458984375,0.00023145625891629606,0.29535308480262756
30,0.5,13,a person taking a huge diagonal step,0.1224072054028511,0.24480488896369934,0.2564102564102564,1069.8543701171875,0.0002895529614761472,0.29766303300857544
30,0.5,14,"a man lifts his hands up in front his face and turns to his right, and then his left, and puts his hands back down.",0.0595523938536644,0.2050986886024475,0.18974358974358974,605.2775268554688,0.0,0.1798408478498459
30,0.5,15,a person is putting both hands to his face.,0.059599485248327255,0.2219669669866562,0.2358974358974359,639.8307495117188,0.0001363395422231406,0.1868416666984558
30,0.2,0,a man walks forward with arms relatively stiff at sides.,0.1281471997499466,0.23618526756763458,0.15384615384615385,510.33648681640625,0.0,0.22383202612400055
30,0.2,1,"a person is boxing, jabbing mostly with his left hand.",0.11975066363811493,0.2181364893913269,0.3435897435897436,574.5152587890625,0.0005940584233030677,0.20238669216632843
30,0.2,2,a person slowly walked forward and right direction,0.21672913432121277,0.29877257347106934,0.2717948717948718,799.6686401367188,0.00021367691806517541,0.31676924228668213
30,0.2,3,a person takes a big step backwards.,0.1429806500673294,0.23546487092971802,0.3333333333333333,532.3379516601562,0.00030949542997404933,0.2280827760696411
30,0.2,4,"from a standing position person leans their head down to their right slowly, in front of their chest then back up kind of like a snake.",0.09746141731739044,0.21623243391513824,0.26666666666666666,409.2607116699219,0.00013436221342999488,0.18944403529167175
30,0.2,5,person picks up something on their left side and moves it to their right side,0.10800614207983017,0.2293834388256073,0.3384615384615385,418.42138671875,0.00036658073076978326,0.2182028591632843
30,0.2,6,a person gets down and crawls around the floor.a,0.127430722117424,0.21057575941085815,0.2717948717948718,462.4927062988281,0.004432902205735445,0.20182548463344574
30,0.2,7,a man movea his right hand as if to wipe down a tabletop.,0.09397617727518082,0.22439509630203247,0.19487179487179487,377.8518981933594,0.0008133192895911634,0.20894768834114075
30,0.2,8,the person is making an arm gesture putting his arms up into the air,0.09310562908649445,0.22177937626838684,0.21025641025641026,451.50982666015625,0.00010125413245987147,0.2049022912979126
30,0.2,9,a person walks a path that bends left.,0.12020321935415268,0.22346176207065582,0.3230769230769231,465.1706237792969,0.0003586979291867465,0.2062317579984665
30,0.2,10,a person is doing jumping jacks.,0.14354723691940308,0.2322114259004593,0.17435897435897435,586.2012329101562,4.760826050187461e-05,0.21531730890274048
30,0.2,11,a person walks forward and stops.,0.09954103827476501,0.20562195777893066,0.3128205128205128,470.7196960449219,0.00025928267859853804,0.19166918098926544
30,0.2,12,jumping forward quickly then stopping.,0.1517583429813385,0.24873597919940948,0.17435897435897435,630.1384887695312,0.00012673951277974993,0.2606338560581207
30,0.2,13,a person taking a huge diagonal step,0.1843053251504898,0.27036869525909424,0.2358974358974359,609.946044921875,0.00042020363616757095,0.28833192586898804
30,0.2,14,"a man lifts his hands up in front his face and turns to his right, and then his left, and puts his hands back down.",0.10006821155548096,0.20068909227848053,0.2,407.61328125,9.244839930033777e-06,0.17783887684345245
30,0.2,15,a person is putting both hands to his face.,0.09629815071821213,0.21539488434791565,0.2564102564102564,464.42791748046875,0.0001446208480047062,0.18600820004940033
30,0.05,0,a man walks forward with arms relatively stiff at sides.,0.15042591094970703,0.238086998462677,0.11794871794871795,417.7295837402344,0.0,0.22310921549797058
30,0.05,1,"a person is boxing, jabbing mostly with his left hand.",0.14675265550613403,0.22144268453121185,0.3333333333333333,501.22686767578125,0.0006043844623491168,0.20513497292995453
30,0.05,2,a person slowly walked forward and right direction,0.2608354389667511,0.32904961705207825,0.28205128205128205,609.3258666992188,0.0003045294142793864,0.3261966109275818
30,0.05,3,a person takes a big step backwards.,0.16853806376457214,0.24838106334209442,0.3076923076923077,455.9669189453125,0.0002667221415322274,0.2300393432378769
30,0.05,4,"from a standing position person leans their head down to their right slowly, in front of their chest then back up kind of like a snake.",0.11167875677347183,0.21681541204452515,0.2923076923076923,317.5550842285156,9.755231440067291e-05,0.19119378924369812
30,0.05,5,person picks up something on their left side and moves it to their right side,0.11753442138433456,0.22652290761470795,0.2923076923076923,306.983642578125,0.00033144393819384277,0.20952346920967102
30,0.05,6,a person gets down and crawls around the floor.a,0.1522766500711441,0.2163669466972351,0.2512820512820513,408.8421325683594,0.0037183307576924562,0.20185352861881256
30,0.05,7,a man movea his right hand as if to wipe down a tabletop.,0.11652100086212158,0.22970238327980042,0.15384615384615385,325.8070373535156,0.0006503365002572536,0.2126861810684204
30,0.05,8,the person is making an arm gesture putting his arms up into the air,0.11437822878360748,0.22621989250183105,0.2512820512820513,359.17230224609375,9.655055328039452e-05,0.20716115832328796
30,0.05,9,a person walks a path that bends left.,0.15745627880096436,0.23965111374855042,0.3282051282051282,413.4452819824219,0.00029626788455061615,0.2188493311405182
30,0.05,10,a person is doing jumping jacks.,0.17024096846580505,0.233703151345253,0.18461538461538463,478.1119689941406,6.167769606690854e-05,0.2123696506023407
30,0.05,11,a person walks forward and stops.,0.12098588794469833,0.212508425116539,0.3384615384615385,403.52972412109375,0.0002565110335126519,0.19715693593025208
30,0.05,12,jumping forward quickly then stopping.,0.18475575745105743,0.264425665140152,0.1794871794871795,578.3825073242188,0.00036536247353069484,0.2649551033973694
30,0.05,13,a person taking a huge diagonal step,0.2261544167995453,0.2929753363132477,0.2205128205128205,457.849365234375,0.0004562026879284531,0.2965855598449707
30,0.05,14,"a man lifts his hands up in front his face and turns to his right, and then his left, and puts his hands back down.",0.1151123121380806,0.20155338943004608,0.23076923076923078,321.4872741699219,1.624918331799563e-05,0.18041294813156128
30,0.05,15,a person is putting both hands to his face.,0.11399932205677032,0.21231596171855927,0.2358974358974359,380.6949462890625,0.00022106505639385432,0.1855306774377823
30,0.0,0,a man walks forward with arms relatively stiff at sides.,0.1526811420917511,0.23664803802967072,0.15897435897435896,402.05218505859375,0.0,0.21880000829696655
30,0.0,1,"a person is boxing, jabbing mostly with his left hand.",0.14215129613876343,0.22040842473506927,0.3641025641025641,519.3638916015625,0.000579717627260834,0.2005409300327301
30,0.0,2,a person slowly walked forward and right direction,0.2583370506763458,0.3224511444568634,0.2153846153846154,572.926025390625,4.984427141607739e-05,0.31177857518196106
30,0.0,3,a person takes a big step backwards.,0.16643403470516205,0.23844332993030548,0.26153846153846155,434.8749084472656,0.0003563868231140077,0.21846811473369598
30,0.0,4,"from a standing position person leans their head down to their right slowly, in front of their chest then back up kind of like a snake.",0.12041772156953812,0.2137690782546997,0.2923076923076923,315.7202453613281,0.00012020571011817083,0.1882098764181137
30,0.0,5,person picks up something on their left side and moves it to their right side,0.12505009770393372,0.22985465824604034,0.28205128205128205,311.6767883300781,0.0005646827630698681,0.2117612212896347
30,0.0,6,a person gets down and crawls around the floor.a,0.1637708693742752,0.2226264774799347,0.2358974358974359,413.42852783203125,0.0029241363517940044,0.20414096117019653
30,0.0,7,a man movea his right hand as if to wipe down a tabletop.,0.1135229617357254,0.23037368059158325,0.18461538461538463,302.7926330566406,0.0006711120950058103,0.21201759576797485
30,0.0,8,the person is making an arm gesture putting his arms up into the air,0.12117227911949158,0.23248104751110077,0.23076923076923078,365.1838684082031,0.00026537926169112325,0.21348755061626434
30,0.0,9,a person walks a path that bends left.,0.1607024073600769,0.23803143203258514,0.3128205128205128,404.2896423339844,0.0002763931406661868,0.2166184037923813
30,0.0,10,a person is doing jumping jacks.,0.16341181099414825,0.23037980496883392,0.17435897435897435,476.2693176269531,9.066815255209804e-05,0.20564717054367065
30,0.0,11,a person walks forward and stops.,0.12654782831668854,0.21035003662109375,0.3128205128205128,407.1859130859375,0.00022764205641578883,0.19531719386577606
30,0.0,12,jumping forward quickly then stopping.,0.1954023391008377,0.27049535512924194,0.18974358974358974,567.7943725585938,0.00013930920977145433,0.26941096782684326
30,0.0,13,a person taking a huge diagonal step,0.22360475361347198,0.29143112897872925,0.28717948717948716,408.32647705078125,0.0003628790727816522,0.2857555150985718
30,0.0,14,"a man lifts his hands up in front his face and turns to his right, and then his left, and puts his hands back down.",0.11689085513353348,0.1992252767086029,0.19487179487179487,306.434814453125,0.0,0.1751042902469635
30,0.0,15,a person is putting both hands to his face.,0.12317653745412827,0.21544130146503448,0.2923076923076923,400.63372802734375,0.00020062539260834455,0.1862165331840515
